Order,Length,Rule_1,Rule_2,Rule_3,Rule_4
1,2,(changes_in_node > 3.5) & (no_of_nodes_in > 1.5),,,
2,6,(block_of_affere > 1.5) & (no_of_nodes_in <= 3.5) & (changes_in_node <= 3.5) & (changes_in_node > 1.5) & (no_of_nodes_in <= 2.5) & (changes_in_node > 2.5),(block_of_affere > 1.5) & (no_of_nodes_in <= 3.5) & (changes_in_node <= 3.5) & (changes_in_node > 1.5) & (changes_in_node > 2.5) & (no_of_nodes_in <= 2.5),,
3,5,(block_of_affere > 1.5) & (no_of_nodes_in > 3.5) & (changes_in_stru > 4.5) & (special_forms > 1.5) & (special_forms > 2.5),(block_of_affere > 1.5) & (no_of_nodes_in > 3.5) & (changes_in_stru > 4.5) & (changes_in_lym > 1.5) & (special_forms > 2.5),,
4,2,(changes_in_node > 3.5) & (no_of_nodes_in > 1.5),,,
5,5,(block_of_affere <= 1.5) & (special_forms <= 1.5) & (no_of_nodes_in <= 1.5) & (changes_in_stru > 1.5) & (changes_in_stru > 4.0),(block_of_affere <= 1.5) & (special_forms <= 1.5) & (no_of_nodes_in <= 1.5) & (changes_in_stru > 1.5) & (exclusion_of_no > 1.5),,
6,6,(block_of_affere <= 1.5) & (early_uptake_in > 1.5) & (special_forms > 1.5) & (no_of_nodes_in <= 4.5) & (changes_in_stru <= 6.5) & (changes_in_stru > 5.5),,,
7,6,(block_of_affere > 1.5) & (no_of_nodes_in <= 3.5) & (changes_in_node <= 3.5) & (changes_in_node > 1.5) & (no_of_nodes_in <= 2.5) & (changes_in_node > 2.5),(block_of_affere > 1.5) & (no_of_nodes_in <= 3.5) & (changes_in_node <= 3.5) & (changes_in_node > 1.5) & (changes_in_node > 2.5) & (no_of_nodes_in <= 2.5),(changes_in_node <= 3.5) & (block_of_affere > 1.5) & (no_of_nodes_in <= 3.5) & (changes_in_node > 1.5) & (changes_in_node > 2.5) & (no_of_nodes_in <= 2.5),
8,6,(changes_in_node <= 3.5) & (block_of_affere > 1.5) & (no_of_nodes_in <= 3.5) & (changes_in_node > 1.5) & (changes_in_node <= 2.5) & (dislocation_of <= 1.5),(block_of_affere > 1.5) & (no_of_nodes_in <= 3.5) & (changes_in_node <= 3.5) & (changes_in_node > 1.5) & (changes_in_node <= 2.5) & (no_of_nodes_in <= 1.5),,
9,5,(block_of_affere > 1.5) & (no_of_nodes_in > 3.5) & (changes_in_stru > 4.5) & (special_forms > 1.5) & (special_forms > 2.5),(block_of_affere > 1.5) & (no_of_nodes_in > 3.5) & (changes_in_stru > 4.5) & (changes_in_lym > 1.5) & (special_forms > 2.5),,
10,4,(block_of_affere <= 1.5) & (early_uptake_in > 1.5) & (special_forms > 1.5) & (changes_in_lym <= 2.5),,,
11,6,(block_of_affere > 1.5) & (no_of_nodes_in <= 3.5) & (changes_in_node <= 3.5) & (changes_in_node > 1.5) & (no_of_nodes_in > 2.5) & (special_forms <= 2.5),,,
12,6,(block_of_affere > 1.5) & (no_of_nodes_in <= 3.5) & (changes_in_node <= 3.5) & (changes_in_node > 1.5) & (no_of_nodes_in <= 2.5) & (changes_in_node > 2.5),(block_of_affere > 1.5) & (no_of_nodes_in <= 3.5) & (changes_in_node <= 3.5) & (changes_in_node > 1.5) & (changes_in_node > 2.5) & (no_of_nodes_in <= 2.5),(changes_in_node <= 3.5) & (block_of_affere > 1.5) & (no_of_nodes_in <= 3.5) & (changes_in_node > 1.5) & (changes_in_node > 2.5) & (no_of_nodes_in <= 2.5),
13,6,(changes_in_node <= 3.5) & (block_of_affere > 1.5) & (no_of_nodes_in <= 3.5) & (changes_in_node > 1.5) & (changes_in_node <= 2.5) & (dislocation_of <= 1.5),(block_of_affere > 1.5) & (no_of_nodes_in <= 3.5) & (changes_in_node <= 3.5) & (changes_in_node > 1.5) & (changes_in_node <= 2.5) & (no_of_nodes_in <= 1.5),,
14,2,(changes_in_node > 3.5) & (no_of_nodes_in > 1.5),,,
15,4,(block_of_affere > 1.5) & (no_of_nodes_in > 3.5) & (changes_in_stru > 4.5) & (changes_in_lym <= 1.5),(block_of_affere > 1.5) & (no_of_nodes_in > 3.5) & (changes_in_stru > 4.5) & (special_forms <= 1.5),,
16,6,(block_of_affere > 1.5) & (no_of_nodes_in <= 3.5) & (changes_in_node <= 3.5) & (changes_in_node > 1.5) & (no_of_nodes_in <= 2.5) & (changes_in_node > 2.5),(block_of_affere > 1.5) & (no_of_nodes_in <= 3.5) & (changes_in_node <= 3.5) & (changes_in_node > 1.5) & (changes_in_node > 2.5) & (no_of_nodes_in <= 2.5),(changes_in_node <= 3.5) & (block_of_affere > 1.5) & (no_of_nodes_in <= 3.5) & (changes_in_node > 1.5) & (changes_in_node > 2.5) & (no_of_nodes_in <= 2.5),
17,6,(block_of_affere > 1.5) & (no_of_nodes_in <= 3.5) & (changes_in_node <= 3.5) & (changes_in_node > 1.5) & (no_of_nodes_in > 2.5) & (special_forms <= 2.5),,,
18,6,(block_of_affere > 1.5) & (no_of_nodes_in <= 3.5) & (changes_in_node <= 3.5) & (changes_in_node > 1.5) & (no_of_nodes_in <= 2.5) & (changes_in_node > 2.5),(block_of_affere > 1.5) & (no_of_nodes_in <= 3.5) & (changes_in_node <= 3.5) & (changes_in_node > 1.5) & (changes_in_node > 2.5) & (no_of_nodes_in <= 2.5),,
19,4,(block_of_affere <= 1.5) & (early_uptake_in > 1.5) & (special_forms <= 1.5) & (no_of_nodes_in <= 1.5),,,
20,6,(block_of_affere > 1.5) & (no_of_nodes_in <= 3.5) & (changes_in_node <= 3.5) & (changes_in_node > 1.5) & (no_of_nodes_in <= 2.5) & (changes_in_node > 2.5),(block_of_affere > 1.5) & (no_of_nodes_in <= 3.5) & (changes_in_node <= 3.5) & (changes_in_node > 1.5) & (changes_in_node > 2.5) & (no_of_nodes_in <= 2.5),,
21,4,(changes_in_node <= 3.5) & (block_of_affere <= 1.5) & (special_forms > 2.5) & (dislocation_of > 1.5),(block_of_affere <= 1.5) & (early_uptake_in > 1.5) & (special_forms > 1.5) & (changes_in_lym <= 2.5),,
22,2,(changes_in_node > 3.5) & (no_of_nodes_in > 1.5),,,
23,6,(block_of_affere > 1.5) & (no_of_nodes_in <= 3.5) & (changes_in_node <= 3.5) & (changes_in_node > 1.5) & (changes_in_node > 2.5) & (no_of_nodes_in <= 2.5),,,
24,6,(changes_in_node <= 3.5) & (block_of_affere > 1.5) & (no_of_nodes_in <= 3.5) & (changes_in_node > 1.5) & (changes_in_node <= 2.5) & (dislocation_of <= 1.5),(block_of_affere > 1.5) & (no_of_nodes_in <= 3.5) & (changes_in_node <= 3.5) & (changes_in_node > 1.5) & (changes_in_node <= 2.5) & (no_of_nodes_in <= 1.5),,
25,4,(block_of_affere <= 1.5) & (early_uptake_in > 1.5) & (special_forms > 1.5) & (no_of_nodes_in > 4.5),(block_of_affere <= 1.5) & (early_uptake_in > 1.5) & (special_forms > 1.5) & (changes_in_lym <= 2.5),,
26,4,(changes_in_node <= 3.5) & (block_of_affere <= 1.5) & (special_forms > 2.5) & (dislocation_of > 1.5),,,
27,4,(changes_in_node <= 3.5) & (block_of_affere <= 1.5) & (special_forms > 2.5) & (dislocation_of > 1.5),,,
28,3,(changes_in_node > 3.5) & (no_of_nodes_in <= 1.5) & (block_of_affere <= 1.5),,,
29,6,(block_of_affere > 1.5) & (no_of_nodes_in <= 3.5) & (changes_in_node <= 3.5) & (changes_in_node > 1.5) & (no_of_nodes_in <= 2.5) & (changes_in_node > 2.5),(block_of_affere > 1.5) & (no_of_nodes_in <= 3.5) & (changes_in_node <= 3.5) & (changes_in_node > 1.5) & (changes_in_node > 2.5) & (no_of_nodes_in <= 2.5),(changes_in_node <= 3.5) & (block_of_affere > 1.5) & (no_of_nodes_in <= 3.5) & (changes_in_node > 1.5) & (changes_in_node > 2.5) & (no_of_nodes_in <= 2.5),
30,7,(block_of_affere <= 1.5) & (special_forms > 1.5) & (changes_in_lym > 1.5) & (no_of_nodes_in <= 2.5) & (changes_in_lym <= 2.5) & (special_forms <= 2.5) & (changes_in_node <= 2.5),,,
31,7,(block_of_affere > 1.5) & (no_of_nodes_in <= 3.5) & (changes_in_node <= 3.5) & (changes_in_node > 1.5) & (no_of_nodes_in > 2.5) & (special_forms > 2.5) & (changes_in_stru > 4.0),,,
32,4,(changes_in_node <= 3.5) & (block_of_affere <= 1.5) & (special_forms > 2.5) & (dislocation_of > 1.5),(block_of_affere <= 1.5) & (early_uptake_in > 1.5) & (special_forms > 1.5) & (changes_in_lym <= 2.5),,
33,5,(block_of_affere <= 1.5) & (special_forms <= 1.5) & (no_of_nodes_in <= 1.5) & (changes_in_stru > 1.5) & (changes_in_stru > 4.0),,,
34,6,(block_of_affere > 1.5) & (no_of_nodes_in <= 3.5) & (changes_in_node <= 3.5) & (changes_in_node > 1.5) & (no_of_nodes_in <= 2.5) & (changes_in_node > 2.5),(block_of_affere > 1.5) & (no_of_nodes_in <= 3.5) & (changes_in_node <= 3.5) & (changes_in_node > 1.5) & (changes_in_node > 2.5) & (no_of_nodes_in <= 2.5),(changes_in_node <= 3.5) & (block_of_affere > 1.5) & (no_of_nodes_in <= 3.5) & (changes_in_node > 1.5) & (changes_in_node > 2.5) & (no_of_nodes_in <= 2.5),
35,6,(block_of_affere > 1.5) & (no_of_nodes_in <= 3.5) & (changes_in_node <= 3.5) & (changes_in_node > 1.5) & (no_of_nodes_in <= 2.5) & (changes_in_node > 2.5),(block_of_affere > 1.5) & (no_of_nodes_in <= 3.5) & (changes_in_node <= 3.5) & (changes_in_node > 1.5) & (changes_in_node > 2.5) & (no_of_nodes_in <= 2.5),(changes_in_node <= 3.5) & (block_of_affere > 1.5) & (no_of_nodes_in <= 3.5) & (changes_in_node > 1.5) & (changes_in_node > 2.5) & (no_of_nodes_in <= 2.5),
36,6,(block_of_affere > 1.5) & (no_of_nodes_in <= 3.5) & (changes_in_node <= 3.5) & (changes_in_node > 1.5) & (changes_in_node > 2.5) & (no_of_nodes_in <= 2.5),(changes_in_node <= 3.5) & (block_of_affere > 1.5) & (no_of_nodes_in <= 3.5) & (changes_in_node > 1.5) & (changes_in_node > 2.5) & (no_of_nodes_in <= 2.5),,
37,3,(block_of_affere <= 1.5) & (special_forms > 1.5) & (changes_in_lym <= 1.5),(block_of_affere <= 1.5) & (early_uptake_in <= 1.5) & (no_of_nodes_in > 3.0),,
38,4,(block_of_affere <= 1.5) & (early_uptake_in > 1.5) & (special_forms > 1.5) & (no_of_nodes_in > 4.5),(changes_in_node <= 3.5) & (block_of_affere <= 1.5) & (special_forms > 2.5) & (dislocation_of > 1.5),,
39,4,(changes_in_node <= 3.5) & (block_of_affere <= 1.5) & (special_forms > 2.5) & (dislocation_of > 1.5),,,
40,4,(block_of_affere <= 1.5) & (special_forms <= 1.5) & (no_of_nodes_in > 1.5) & (changes_in_stru > 4.5),,,
41,4,(block_of_affere <= 1.5) & (early_uptake_in > 1.5) & (special_forms > 1.5) & (changes_in_lym <= 2.5),,,
42,5,(block_of_affere > 1.5) & (no_of_nodes_in > 3.5) & (changes_in_stru <= 4.5) & (changes_in_lym <= 2.5) & (no_of_nodes_in <= 6.5),(block_of_affere > 1.5) & (no_of_nodes_in > 3.5) & (changes_in_stru <= 4.5) & (changes_in_node <= 2.5) & (early_uptake_in > 1.5),(block_of_affere > 1.5) & (no_of_nodes_in > 3.5) & (changes_in_stru <= 4.5) & (changes_in_node <= 2.5) & (defect_in_node <= 3.0),
43,6,(block_of_affere > 1.5) & (no_of_nodes_in <= 3.5) & (changes_in_node <= 3.5) & (changes_in_node > 1.5) & (no_of_nodes_in <= 2.5) & (changes_in_node > 2.5),(block_of_affere > 1.5) & (no_of_nodes_in <= 3.5) & (changes_in_node <= 3.5) & (changes_in_node > 1.5) & (changes_in_node > 2.5) & (no_of_nodes_in <= 2.5),(changes_in_node <= 3.5) & (block_of_affere > 1.5) & (no_of_nodes_in <= 3.5) & (changes_in_node > 1.5) & (changes_in_node > 2.5) & (no_of_nodes_in <= 2.5),
45,5,(block_of_affere > 1.5) & (no_of_nodes_in > 3.5) & (changes_in_stru <= 4.5) & (changes_in_node <= 2.5) & (defect_in_node > 3.0),(block_of_affere > 1.5) & (no_of_nodes_in > 3.5) & (changes_in_stru <= 4.5) & (changes_in_lym <= 2.5) & (no_of_nodes_in > 6.5),(block_of_affere > 1.5) & (no_of_nodes_in > 3.5) & (changes_in_stru <= 4.5) & (changes_in_node <= 2.5) & (early_uptake_in <= 1.5),
46,4,(block_of_affere <= 1.5) & (early_uptake_in > 1.5) & (special_forms > 1.5) & (changes_in_lym <= 2.5),,,
47,6,(block_of_affere > 1.5) & (no_of_nodes_in <= 3.5) & (changes_in_node <= 3.5) & (changes_in_node > 1.5) & (no_of_nodes_in <= 2.5) & (changes_in_node > 2.5),(block_of_affere > 1.5) & (no_of_nodes_in <= 3.5) & (changes_in_node <= 3.5) & (changes_in_node > 1.5) & (changes_in_node > 2.5) & (no_of_nodes_in <= 2.5),,
48,5,(block_of_affere <= 1.5) & (special_forms <= 1.5) & (no_of_nodes_in <= 1.5) & (changes_in_stru > 1.5) & (changes_in_stru > 4.0),(block_of_affere <= 1.5) & (special_forms <= 1.5) & (no_of_nodes_in <= 1.5) & (changes_in_stru > 1.5) & (exclusion_of_no > 1.5),,
49,6,(block_of_affere > 1.5) & (no_of_nodes_in <= 3.5) & (changes_in_node <= 3.5) & (changes_in_node > 1.5) & (no_of_nodes_in <= 2.5) & (changes_in_node > 2.5),(block_of_affere > 1.5) & (no_of_nodes_in <= 3.5) & (changes_in_node <= 3.5) & (changes_in_node > 1.5) & (changes_in_node > 2.5) & (no_of_nodes_in <= 2.5),(changes_in_node <= 3.5) & (block_of_affere > 1.5) & (no_of_nodes_in <= 3.5) & (changes_in_node > 1.5) & (changes_in_node > 2.5) & (no_of_nodes_in <= 2.5),
50,6,(block_of_affere > 1.5) & (no_of_nodes_in <= 3.5) & (changes_in_node <= 3.5) & (changes_in_node > 1.5) & (no_of_nodes_in <= 2.5) & (changes_in_node > 2.5),(block_of_affere > 1.5) & (no_of_nodes_in <= 3.5) & (changes_in_node <= 3.5) & (changes_in_node > 1.5) & (changes_in_node > 2.5) & (no_of_nodes_in <= 2.5),(changes_in_node <= 3.5) & (block_of_affere > 1.5) & (no_of_nodes_in <= 3.5) & (changes_in_node > 1.5) & (changes_in_node > 2.5) & (no_of_nodes_in <= 2.5),
51,5,(block_of_affere <= 1.5) & (early_uptake_in <= 1.5) & (no_of_nodes_in <= 3.0) & (changes_in_stru > 2.0) & (changes_in_lym <= 1.5),(block_of_affere <= 1.5) & (special_forms <= 1.5) & (no_of_nodes_in <= 1.5) & (changes_in_stru > 1.5) & (exclusion_of_no > 1.5),,
52,2,(changes_in_node > 3.5) & (no_of_nodes_in > 1.5),,,
53,7,(changes_in_node <= 3.5) & (block_of_affere <= 1.5) & (special_forms <= 2.5) & (changes_in_node > 1.5) & (special_forms > 1.5) & (changes_in_stru > 3.5) & (changes_in_stru <= 6.5),(block_of_affere <= 1.5) & (early_uptake_in <= 1.5) & (no_of_nodes_in <= 3.0) & (changes_in_stru > 2.0) & (no_of_nodes_in <= 1.5) & (exclusion_of_no > 1.5) & (changes_in_stru <= 6.5),,
54,6,(block_of_affere > 1.5) & (no_of_nodes_in <= 3.5) & (changes_in_node <= 3.5) & (changes_in_node > 1.5) & (no_of_nodes_in <= 2.5) & (changes_in_node > 2.5),(block_of_affere > 1.5) & (no_of_nodes_in <= 3.5) & (changes_in_node <= 3.5) & (changes_in_node > 1.5) & (changes_in_node > 2.5) & (no_of_nodes_in <= 2.5),(changes_in_node <= 3.5) & (block_of_affere > 1.5) & (no_of_nodes_in <= 3.5) & (changes_in_node > 1.5) & (changes_in_node > 2.5) & (no_of_nodes_in <= 2.5),
55,6,(block_of_affere > 1.5) & (no_of_nodes_in <= 3.5) & (changes_in_node <= 3.5) & (changes_in_node > 1.5) & (no_of_nodes_in <= 2.5) & (changes_in_node > 2.5),(block_of_affere > 1.5) & (no_of_nodes_in <= 3.5) & (changes_in_node <= 3.5) & (changes_in_node > 1.5) & (changes_in_node > 2.5) & (no_of_nodes_in <= 2.5),(changes_in_node <= 3.5) & (block_of_affere > 1.5) & (no_of_nodes_in <= 3.5) & (changes_in_node > 1.5) & (changes_in_node > 2.5) & (no_of_nodes_in <= 2.5),
56,4,(changes_in_node <= 3.5) & (block_of_affere <= 1.5) & (special_forms > 2.5) & (dislocation_of > 1.5),,,
57,4,(changes_in_node <= 3.5) & (block_of_affere <= 1.5) & (special_forms > 2.5) & (dislocation_of > 1.5),(block_of_affere <= 1.5) & (early_uptake_in > 1.5) & (special_forms > 1.5) & (changes_in_lym <= 2.5),,
58,4,(block_of_affere > 1.5) & (no_of_nodes_in > 3.5) & (changes_in_stru <= 4.5) & (changes_in_lym > 2.5),(block_of_affere > 1.5) & (no_of_nodes_in > 3.5) & (changes_in_stru <= 4.5) & (changes_in_node > 2.5),,
59,2,(changes_in_node > 3.5) & (no_of_nodes_in > 1.5),,,
61,2,(changes_in_node > 3.5) & (no_of_nodes_in > 1.5),,,
62,6,(block_of_affere > 1.5) & (no_of_nodes_in <= 3.5) & (changes_in_node <= 3.5) & (changes_in_node > 1.5) & (no_of_nodes_in <= 2.5) & (changes_in_node > 2.5),(block_of_affere > 1.5) & (no_of_nodes_in <= 3.5) & (changes_in_node <= 3.5) & (changes_in_node > 1.5) & (changes_in_node > 2.5) & (no_of_nodes_in <= 2.5),(changes_in_node <= 3.5) & (block_of_affere > 1.5) & (no_of_nodes_in <= 3.5) & (changes_in_node > 1.5) & (changes_in_node > 2.5) & (no_of_nodes_in <= 2.5),
63,2,(changes_in_node > 3.5) & (no_of_nodes_in > 1.5),,,
64,6,(block_of_affere > 1.5) & (no_of_nodes_in <= 3.5) & (changes_in_node <= 3.5) & (changes_in_node > 1.5) & (no_of_nodes_in <= 2.5) & (changes_in_node > 2.5),(block_of_affere > 1.5) & (no_of_nodes_in <= 3.5) & (changes_in_node <= 3.5) & (changes_in_node > 1.5) & (changes_in_node > 2.5) & (no_of_nodes_in <= 2.5),(changes_in_node <= 3.5) & (block_of_affere > 1.5) & (no_of_nodes_in <= 3.5) & (changes_in_node > 1.5) & (changes_in_node > 2.5) & (no_of_nodes_in <= 2.5),
65,6,(block_of_affere > 1.5) & (no_of_nodes_in <= 3.5) & (changes_in_node <= 3.5) & (changes_in_node > 1.5) & (changes_in_node > 2.5) & (no_of_nodes_in <= 2.5),(changes_in_node <= 3.5) & (block_of_affere > 1.5) & (no_of_nodes_in <= 3.5) & (changes_in_node > 1.5) & (changes_in_node > 2.5) & (no_of_nodes_in <= 2.5),,
66,2,(changes_in_node > 3.5) & (no_of_nodes_in > 1.5),,,
67,2,(changes_in_node > 3.5) & (no_of_nodes_in > 1.5),,,
68,6,(block_of_affere > 1.5) & (no_of_nodes_in <= 3.5) & (changes_in_node <= 3.5) & (changes_in_node > 1.5) & (no_of_nodes_in > 2.5) & (special_forms <= 2.5),,,
69,6,(changes_in_node <= 3.5) & (block_of_affere <= 1.5) & (special_forms <= 2.5) & (changes_in_node > 1.5) & (special_forms > 1.5) & (changes_in_stru <= 3.5),(block_of_affere <= 1.5) & (special_forms > 1.5) & (changes_in_node > 1.5) & (no_of_nodes_in <= 2.5) & (changes_in_node <= 3.5) & (changes_in_stru <= 3.5),,
70,4,(block_of_affere <= 1.5) & (early_uptake_in > 1.5) & (special_forms > 1.5) & (no_of_nodes_in > 4.5),(changes_in_node <= 3.5) & (block_of_affere <= 1.5) & (special_forms > 2.5) & (dislocation_of > 1.5),(block_of_affere <= 1.5) & (early_uptake_in > 1.5) & (special_forms > 1.5) & (changes_in_lym <= 2.5),
71,6,(block_of_affere > 1.5) & (no_of_nodes_in <= 3.5) & (changes_in_node <= 3.5) & (changes_in_node > 1.5) & (no_of_nodes_in <= 2.5) & (changes_in_node > 2.5),(block_of_affere > 1.5) & (no_of_nodes_in <= 3.5) & (changes_in_node <= 3.5) & (changes_in_node > 1.5) & (changes_in_node > 2.5) & (no_of_nodes_in <= 2.5),(changes_in_node <= 3.5) & (block_of_affere > 1.5) & (no_of_nodes_in <= 3.5) & (changes_in_node > 1.5) & (changes_in_node > 2.5) & (no_of_nodes_in <= 2.5),
72,4,(block_of_affere <= 1.5) & (special_forms <= 1.5) & (no_of_nodes_in > 1.5) & (changes_in_stru > 4.5),,,
73,7,(changes_in_node <= 3.5) & (block_of_affere > 1.5) & (no_of_nodes_in <= 3.5) & (changes_in_node > 1.5) & (changes_in_node > 2.5) & (no_of_nodes_in > 2.5) & (changes_in_stru <= 6.0),(block_of_affere > 1.5) & (no_of_nodes_in <= 3.5) & (changes_in_node <= 3.5) & (changes_in_node > 1.5) & (no_of_nodes_in > 2.5) & (special_forms > 2.5) & (changes_in_stru <= 4.0),,
74,2,(changes_in_node > 3.5) & (no_of_nodes_in > 1.5),,,
75,6,(block_of_affere <= 1.5) & (special_forms <= 1.5) & (no_of_nodes_in <= 1.5) & (changes_in_stru > 1.5) & (exclusion_of_no <= 1.5) & (changes_in_stru <= 5.5),,,
76,6,(block_of_affere > 1.5) & (no_of_nodes_in <= 3.5) & (changes_in_node <= 3.5) & (changes_in_node > 1.5) & (no_of_nodes_in > 2.5) & (special_forms <= 2.5),,,
77,6,(block_of_affere > 1.5) & (no_of_nodes_in <= 3.5) & (changes_in_node <= 3.5) & (changes_in_node > 1.5) & (no_of_nodes_in <= 2.5) & (changes_in_node > 2.5),(block_of_affere > 1.5) & (no_of_nodes_in <= 3.5) & (changes_in_node <= 3.5) & (changes_in_node > 1.5) & (changes_in_node > 2.5) & (no_of_nodes_in <= 2.5),(changes_in_node <= 3.5) & (block_of_affere > 1.5) & (no_of_nodes_in <= 3.5) & (changes_in_node > 1.5) & (changes_in_node > 2.5) & (no_of_nodes_in <= 2.5),
78,5,(block_of_affere <= 1.5) & (early_uptake_in > 1.5) & (special_forms > 1.5) & (changes_in_lym > 2.5) & (no_of_nodes_in <= 1.5),,,
79,4,(block_of_affere <= 1.5) & (early_uptake_in <= 1.5) & (no_of_nodes_in <= 3.0) & (changes_in_stru <= 2.0),(block_of_affere <= 1.5) & (special_forms <= 1.5) & (no_of_nodes_in <= 1.5) & (changes_in_stru <= 1.5),,
80,2,(changes_in_node > 3.5) & (no_of_nodes_in > 1.5),,,
81,2,(changes_in_node > 3.5) & (no_of_nodes_in > 1.5),,,
82,6,(block_of_affere > 1.5) & (no_of_nodes_in <= 3.5) & (changes_in_node <= 3.5) & (changes_in_node > 1.5) & (no_of_nodes_in <= 2.5) & (changes_in_node > 2.5),(block_of_affere > 1.5) & (no_of_nodes_in <= 3.5) & (changes_in_node <= 3.5) & (changes_in_node > 1.5) & (changes_in_node > 2.5) & (no_of_nodes_in <= 2.5),(changes_in_node <= 3.5) & (block_of_affere > 1.5) & (no_of_nodes_in <= 3.5) & (changes_in_node > 1.5) & (changes_in_node > 2.5) & (no_of_nodes_in <= 2.5),
83,4,(block_of_affere <= 1.5) & (early_uptake_in > 1.5) & (special_forms > 1.5) & (no_of_nodes_in > 4.5),(changes_in_node <= 3.5) & (block_of_affere <= 1.5) & (special_forms > 2.5) & (dislocation_of > 1.5),(block_of_affere <= 1.5) & (early_uptake_in > 1.5) & (special_forms > 1.5) & (changes_in_lym <= 2.5),
84,2,(changes_in_node > 3.5) & (no_of_nodes_in > 1.5),,,
85,4,(changes_in_node <= 3.5) & (block_of_affere <= 1.5) & (special_forms > 2.5) & (dislocation_of > 1.5),,,
86,6,(block_of_affere > 1.5) & (no_of_nodes_in <= 3.5) & (changes_in_node <= 3.5) & (changes_in_node > 1.5) & (changes_in_node <= 2.5) & (no_of_nodes_in <= 1.5),,,
87,6,(block_of_affere > 1.5) & (no_of_nodes_in <= 3.5) & (changes_in_node <= 3.5) & (changes_in_node > 1.5) & (changes_in_node > 2.5) & (no_of_nodes_in <= 2.5),(changes_in_node <= 3.5) & (block_of_affere > 1.5) & (no_of_nodes_in <= 3.5) & (changes_in_node > 1.5) & (changes_in_node > 2.5) & (no_of_nodes_in <= 2.5),,
88,6,(block_of_affere > 1.5) & (no_of_nodes_in <= 3.5) & (changes_in_node <= 3.5) & (changes_in_node > 1.5) & (no_of_nodes_in <= 2.5) & (changes_in_node > 2.5),(block_of_affere > 1.5) & (no_of_nodes_in <= 3.5) & (changes_in_node <= 3.5) & (changes_in_node > 1.5) & (changes_in_node > 2.5) & (no_of_nodes_in <= 2.5),(changes_in_node <= 3.5) & (block_of_affere > 1.5) & (no_of_nodes_in <= 3.5) & (changes_in_node > 1.5) & (changes_in_node > 2.5) & (no_of_nodes_in <= 2.5),
89,7,(changes_in_node <= 3.5) & (block_of_affere > 1.5) & (no_of_nodes_in <= 3.5) & (changes_in_node > 1.5) & (changes_in_node <= 2.5) & (dislocation_of > 1.5) & (no_of_nodes_in > 1.5),(block_of_affere > 1.5) & (no_of_nodes_in <= 3.5) & (changes_in_node <= 3.5) & (changes_in_node > 1.5) & (changes_in_node <= 2.5) & (no_of_nodes_in > 1.5) & (exclusion_of_no > 1.5),(block_of_affere > 1.5) & (no_of_nodes_in <= 3.5) & (changes_in_node <= 3.5) & (changes_in_node > 1.5) & (changes_in_node <= 2.5) & (no_of_nodes_in > 1.5) & (changes_in_stru > 4.5),
90,4,(block_of_affere <= 1.5) & (early_uptake_in > 1.5) & (special_forms <= 1.5) & (no_of_nodes_in <= 1.5),,,
91,4,(block_of_affere > 1.5) & (no_of_nodes_in <= 3.5) & (changes_in_node <= 3.5) & (changes_in_node <= 1.5),(changes_in_node <= 3.5) & (block_of_affere > 1.5) & (no_of_nodes_in <= 3.5) & (changes_in_node <= 1.5),,
92,6,(block_of_affere > 1.5) & (no_of_nodes_in <= 3.5) & (changes_in_node <= 3.5) & (changes_in_node > 1.5) & (no_of_nodes_in <= 2.5) & (changes_in_node > 2.5),(block_of_affere > 1.5) & (no_of_nodes_in <= 3.5) & (changes_in_node <= 3.5) & (changes_in_node > 1.5) & (changes_in_node > 2.5) & (no_of_nodes_in <= 2.5),,
93,3,(changes_in_node > 3.5) & (no_of_nodes_in <= 1.5) & (block_of_affere > 1.5),,,
94,5,(block_of_affere <= 1.5) & (special_forms <= 1.5) & (no_of_nodes_in <= 1.5) & (changes_in_stru > 1.5) & (exclusion_of_no > 1.5),,,
95,2,(changes_in_node > 3.5) & (no_of_nodes_in > 1.5),,,
96,4,(changes_in_node <= 3.5) & (block_of_affere <= 1.5) & (special_forms > 2.5) & (dislocation_of > 1.5),(block_of_affere <= 1.5) & (early_uptake_in > 1.5) & (special_forms > 1.5) & (changes_in_lym <= 2.5),,
97,6,(block_of_affere > 1.5) & (no_of_nodes_in <= 3.5) & (changes_in_node <= 3.5) & (changes_in_node > 1.5) & (no_of_nodes_in <= 2.5) & (changes_in_node > 2.5),(block_of_affere > 1.5) & (no_of_nodes_in <= 3.5) & (changes_in_node <= 3.5) & (changes_in_node > 1.5) & (changes_in_node > 2.5) & (no_of_nodes_in <= 2.5),(changes_in_node <= 3.5) & (block_of_affere > 1.5) & (no_of_nodes_in <= 3.5) & (changes_in_node > 1.5) & (changes_in_node > 2.5) & (no_of_nodes_in <= 2.5),
98,6,(changes_in_node <= 3.5) & (block_of_affere > 1.5) & (no_of_nodes_in <= 3.5) & (changes_in_node > 1.5) & (changes_in_node <= 2.5) & (dislocation_of <= 1.5),,,
99,6,(block_of_affere > 1.5) & (no_of_nodes_in <= 3.5) & (changes_in_node <= 3.5) & (changes_in_node > 1.5) & (no_of_nodes_in <= 2.5) & (changes_in_node > 2.5),(block_of_affere > 1.5) & (no_of_nodes_in <= 3.5) & (changes_in_node <= 3.5) & (changes_in_node > 1.5) & (changes_in_node > 2.5) & (no_of_nodes_in <= 2.5),(changes_in_node <= 3.5) & (block_of_affere > 1.5) & (no_of_nodes_in <= 3.5) & (changes_in_node > 1.5) & (changes_in_node > 2.5) & (no_of_nodes_in <= 2.5),
100,6,(block_of_affere > 1.5) & (no_of_nodes_in <= 3.5) & (changes_in_node <= 3.5) & (changes_in_node > 1.5) & (no_of_nodes_in <= 2.5) & (changes_in_node > 2.5),(block_of_affere > 1.5) & (no_of_nodes_in <= 3.5) & (changes_in_node <= 3.5) & (changes_in_node > 1.5) & (changes_in_node > 2.5) & (no_of_nodes_in <= 2.5),(changes_in_node <= 3.5) & (block_of_affere > 1.5) & (no_of_nodes_in <= 3.5) & (changes_in_node > 1.5) & (changes_in_node > 2.5) & (no_of_nodes_in <= 2.5),
101,6,(block_of_affere <= 1.5) & (special_forms > 1.5) & (changes_in_lym > 1.5) & (no_of_nodes_in > 2.5) & (no_of_nodes_in <= 4.5) & (defect_in_node > 3.5),,,
102,6,(block_of_affere > 1.5) & (no_of_nodes_in <= 3.5) & (changes_in_node <= 3.5) & (changes_in_node > 1.5) & (no_of_nodes_in <= 2.5) & (changes_in_node > 2.5),(block_of_affere > 1.5) & (no_of_nodes_in <= 3.5) & (changes_in_node <= 3.5) & (changes_in_node > 1.5) & (changes_in_node > 2.5) & (no_of_nodes_in <= 2.5),(changes_in_node <= 3.5) & (block_of_affere > 1.5) & (no_of_nodes_in <= 3.5) & (changes_in_node > 1.5) & (changes_in_node > 2.5) & (no_of_nodes_in <= 2.5),
103,5,(block_of_affere <= 1.5) & (special_forms <= 1.5) & (no_of_nodes_in > 1.5) & (changes_in_stru <= 4.5) & (defect_in_node > 1.5),(block_of_affere <= 1.5) & (special_forms <= 1.5) & (no_of_nodes_in > 1.5) & (changes_in_stru <= 4.5) & (changes_in_stru > 3.0),,
104,6,(block_of_affere > 1.5) & (no_of_nodes_in <= 3.5) & (changes_in_node <= 3.5) & (changes_in_node > 1.5) & (no_of_nodes_in > 2.5) & (special_forms <= 2.5),,,
105,6,(block_of_affere <= 1.5) & (early_uptake_in > 1.5) & (special_forms > 1.5) & (changes_in_lym > 2.5) & (no_of_nodes_in > 1.5) & (special_forms <= 2.5),,,
106,5,(block_of_affere > 1.5) & (no_of_nodes_in > 3.5) & (changes_in_stru > 4.5) & (special_forms > 1.5) & (special_forms > 2.5),(block_of_affere > 1.5) & (no_of_nodes_in > 3.5) & (changes_in_stru > 4.5) & (changes_in_lym > 1.5) & (special_forms > 2.5),,
107,6,(block_of_affere > 1.5) & (no_of_nodes_in <= 3.5) & (changes_in_node <= 3.5) & (changes_in_node > 1.5) & (no_of_nodes_in <= 2.5) & (changes_in_node > 2.5),(block_of_affere > 1.5) & (no_of_nodes_in <= 3.5) & (changes_in_node <= 3.5) & (changes_in_node > 1.5) & (changes_in_node > 2.5) & (no_of_nodes_in <= 2.5),(changes_in_node <= 3.5) & (block_of_affere > 1.5) & (no_of_nodes_in <= 3.5) & (changes_in_node > 1.5) & (changes_in_node > 2.5) & (no_of_nodes_in <= 2.5),
108,2,(changes_in_node > 3.5) & (no_of_nodes_in > 1.5),,,
109,6,(changes_in_node <= 3.5) & (block_of_affere > 1.5) & (no_of_nodes_in <= 3.5) & (changes_in_node > 1.5) & (changes_in_node <= 2.5) & (dislocation_of <= 1.5),(block_of_affere > 1.5) & (no_of_nodes_in <= 3.5) & (changes_in_node <= 3.5) & (changes_in_node > 1.5) & (changes_in_node <= 2.5) & (no_of_nodes_in <= 1.5),,
110,6,(changes_in_node <= 3.5) & (block_of_affere > 1.5) & (no_of_nodes_in <= 3.5) & (changes_in_node > 1.5) & (changes_in_node > 2.5) & (no_of_nodes_in <= 2.5),,,
111,7,(block_of_affere <= 1.5) & (early_uptake_in <= 1.5) & (no_of_nodes_in <= 3.0) & (changes_in_stru > 2.0) & (no_of_nodes_in <= 1.5) & (exclusion_of_no <= 1.5) & (changes_in_stru > 5.5),(block_of_affere <= 1.5) & (special_forms > 1.5) & (changes_in_lym > 1.5) & (no_of_nodes_in <= 2.5) & (changes_in_lym > 2.5) & (defect_in_node <= 3.5) & (defect_in_node > 2.5),(changes_in_node <= 3.5) & (block_of_affere <= 1.5) & (special_forms > 2.5) & (dislocation_of <= 1.5) & (changes_in_node > 2.5) & (changes_in_stru > 3.5) & (no_of_nodes_in <= 1.5),
112,4,(block_of_affere <= 1.5) & (early_uptake_in > 1.5) & (special_forms > 1.5) & (no_of_nodes_in > 4.5),(changes_in_node <= 3.5) & (block_of_affere <= 1.5) & (special_forms > 2.5) & (dislocation_of > 1.5),,
113,5,(block_of_affere <= 1.5) & (special_forms <= 1.5) & (no_of_nodes_in <= 1.5) & (changes_in_stru > 1.5) & (changes_in_stru > 4.0),,,
114,4,(block_of_affere <= 1.5) & (early_uptake_in > 1.5) & (special_forms > 1.5) & (changes_in_lym <= 2.5),,,
115,3,(changes_in_node > 3.5) & (no_of_nodes_in <= 1.5) & (block_of_affere <= 1.5),,,
116,4,(block_of_affere <= 1.5) & (early_uptake_in > 1.5) & (special_forms > 1.5) & (changes_in_lym <= 2.5),,,
117,3,(changes_in_node > 3.5) & (no_of_nodes_in <= 1.5) & (block_of_affere <= 1.5),,,
118,6,(block_of_affere > 1.5) & (no_of_nodes_in <= 3.5) & (changes_in_node <= 3.5) & (changes_in_node > 1.5) & (no_of_nodes_in <= 2.5) & (changes_in_node > 2.5),(block_of_affere > 1.5) & (no_of_nodes_in <= 3.5) & (changes_in_node <= 3.5) & (changes_in_node > 1.5) & (changes_in_node > 2.5) & (no_of_nodes_in <= 2.5),,
119,4,(block_of_affere <= 1.5) & (early_uptake_in > 1.5) & (special_forms > 1.5) & (no_of_nodes_in > 4.5),(block_of_affere <= 1.5) & (early_uptake_in > 1.5) & (special_forms > 1.5) & (changes_in_lym <= 2.5),,
120,7,(changes_in_node <= 3.5) & (block_of_affere > 1.5) & (no_of_nodes_in <= 3.5) & (changes_in_node > 1.5) & (changes_in_node <= 2.5) & (dislocation_of > 1.5) & (no_of_nodes_in > 1.5),(block_of_affere > 1.5) & (no_of_nodes_in <= 3.5) & (changes_in_node <= 3.5) & (changes_in_node > 1.5) & (no_of_nodes_in > 2.5) & (special_forms > 2.5) & (changes_in_stru > 4.0),(block_of_affere > 1.5) & (no_of_nodes_in <= 3.5) & (changes_in_node <= 3.5) & (changes_in_node > 1.5) & (changes_in_node <= 2.5) & (no_of_nodes_in > 1.5) & (exclusion_of_no > 1.5),(block_of_affere > 1.5) & (no_of_nodes_in <= 3.5) & (changes_in_node <= 3.5) & (changes_in_node > 1.5) & (changes_in_node <= 2.5) & (no_of_nodes_in > 1.5) & (changes_in_stru > 4.5)
121,7,(block_of_affere <= 1.5) & (early_uptake_in <= 1.5) & (no_of_nodes_in <= 3.0) & (changes_in_stru > 2.0) & (no_of_nodes_in > 1.5) & (changes_in_node > 2.5) & (special_forms <= 2.5),,,
122,8,(block_of_affere <= 1.5) & (early_uptake_in <= 1.5) & (no_of_nodes_in <= 3.0) & (changes_in_stru > 2.0) & (changes_in_lym > 1.5) & (changes_in_node > 2.5) & (changes_in_stru > 3.5) & (no_of_nodes_in <= 1.5),,,
123,7,(block_of_affere > 1.5) & (no_of_nodes_in <= 3.5) & (changes_in_node <= 3.5) & (changes_in_node > 1.5) & (changes_in_node > 2.5) & (no_of_nodes_in > 2.5) & (special_forms <= 2.5),,,
124,7,(block_of_affere <= 1.5) & (special_forms > 1.5) & (changes_in_lym > 1.5) & (no_of_nodes_in <= 2.5) & (changes_in_lym > 2.5) & (defect_in_node <= 3.5) & (defect_in_node > 2.5),,,
125,6,(block_of_affere > 1.5) & (no_of_nodes_in <= 3.5) & (changes_in_node <= 3.5) & (changes_in_node > 1.5) & (no_of_nodes_in <= 2.5) & (changes_in_node > 2.5),,,
126,4,(block_of_affere <= 1.5) & (early_uptake_in > 1.5) & (special_forms > 1.5) & (no_of_nodes_in > 4.5),(changes_in_node <= 3.5) & (block_of_affere <= 1.5) & (special_forms > 2.5) & (dislocation_of > 1.5),(block_of_affere <= 1.5) & (early_uptake_in > 1.5) & (special_forms > 1.5) & (changes_in_lym <= 2.5),
127,6,(block_of_affere > 1.5) & (no_of_nodes_in <= 3.5) & (changes_in_node <= 3.5) & (changes_in_node > 1.5) & (no_of_nodes_in <= 2.5) & (changes_in_node > 2.5),(block_of_affere > 1.5) & (no_of_nodes_in <= 3.5) & (changes_in_node <= 3.5) & (changes_in_node > 1.5) & (changes_in_node > 2.5) & (no_of_nodes_in <= 2.5),(changes_in_node <= 3.5) & (block_of_affere > 1.5) & (no_of_nodes_in <= 3.5) & (changes_in_node > 1.5) & (changes_in_node > 2.5) & (no_of_nodes_in <= 2.5),
128,6,(block_of_affere > 1.5) & (no_of_nodes_in <= 3.5) & (changes_in_node <= 3.5) & (changes_in_node > 1.5) & (changes_in_node > 2.5) & (no_of_nodes_in <= 2.5),,,
129,2,(changes_in_node > 3.5) & (no_of_nodes_in > 1.5),,,
130,6,(block_of_affere > 1.5) & (no_of_nodes_in <= 3.5) & (changes_in_node <= 3.5) & (changes_in_node > 1.5) & (no_of_nodes_in <= 2.5) & (changes_in_node > 2.5),(block_of_affere > 1.5) & (no_of_nodes_in <= 3.5) & (changes_in_node <= 3.5) & (changes_in_node > 1.5) & (changes_in_node > 2.5) & (no_of_nodes_in <= 2.5),(changes_in_node <= 3.5) & (block_of_affere > 1.5) & (no_of_nodes_in <= 3.5) & (changes_in_node > 1.5) & (changes_in_node > 2.5) & (no_of_nodes_in <= 2.5),
131,6,(block_of_affere > 1.5) & (no_of_nodes_in > 3.5) & (changes_in_stru > 4.5) & (changes_in_lym > 1.5) & (special_forms <= 2.5) & (changes_in_node <= 2.5),(block_of_affere > 1.5) & (no_of_nodes_in > 3.5) & (changes_in_stru > 4.5) & (special_forms > 1.5) & (special_forms <= 2.5) & (changes_in_stru > 6.5),(block_of_affere > 1.5) & (no_of_nodes_in > 3.5) & (changes_in_stru > 4.5) & (special_forms > 1.5) & (special_forms <= 2.5) & (changes_in_node <= 2.5),
132,2,(changes_in_node > 3.5) & (no_of_nodes_in > 1.5),,,
133,4,(block_of_affere <= 1.5) & (early_uptake_in > 1.5) & (special_forms > 1.5) & (no_of_nodes_in > 4.5),(changes_in_node <= 3.5) & (block_of_affere <= 1.5) & (special_forms > 2.5) & (dislocation_of > 1.5),(block_of_affere <= 1.5) & (early_uptake_in > 1.5) & (special_forms > 1.5) & (changes_in_lym <= 2.5),
134,6,(block_of_affere > 1.5) & (no_of_nodes_in <= 3.5) & (changes_in_node <= 3.5) & (changes_in_node > 1.5) & (no_of_nodes_in <= 2.5) & (changes_in_node > 2.5),(block_of_affere > 1.5) & (no_of_nodes_in <= 3.5) & (changes_in_node <= 3.5) & (changes_in_node > 1.5) & (changes_in_node > 2.5) & (no_of_nodes_in <= 2.5),,
135,3,(changes_in_node > 3.5) & (no_of_nodes_in <= 1.5) & (block_of_affere > 1.5),,,
136,4,(block_of_affere > 1.5) & (no_of_nodes_in > 3.5) & (changes_in_stru <= 4.5) & (changes_in_lym > 2.5),(block_of_affere > 1.5) & (no_of_nodes_in > 3.5) & (changes_in_stru <= 4.5) & (changes_in_node > 2.5),,
137,5,(block_of_affere <= 1.5) & (special_forms <= 1.5) & (no_of_nodes_in > 1.5) & (changes_in_stru <= 4.5) & (defect_in_node <= 1.5),(changes_in_node <= 3.5) & (block_of_affere <= 1.5) & (special_forms <= 2.5) & (changes_in_node <= 1.5) & (dislocation_of <= 1.5),(block_of_affere <= 1.5) & (special_forms <= 1.5) & (no_of_nodes_in > 1.5) & (changes_in_stru <= 4.5) & (changes_in_stru <= 3.0),
138,5,(block_of_affere <= 1.5) & (special_forms > 1.5) & (changes_in_node > 1.5) & (no_of_nodes_in > 2.5) & (no_of_nodes_in > 4.5),(block_of_affere <= 1.5) & (special_forms > 1.5) & (changes_in_lym > 1.5) & (no_of_nodes_in > 2.5) & (no_of_nodes_in > 4.5),,
139,6,(block_of_affere > 1.5) & (no_of_nodes_in <= 3.5) & (changes_in_node <= 3.5) & (changes_in_node > 1.5) & (no_of_nodes_in <= 2.5) & (changes_in_node > 2.5),(block_of_affere > 1.5) & (no_of_nodes_in <= 3.5) & (changes_in_node <= 3.5) & (changes_in_node > 1.5) & (changes_in_node > 2.5) & (no_of_nodes_in <= 2.5),(changes_in_node <= 3.5) & (block_of_affere > 1.5) & (no_of_nodes_in <= 3.5) & (changes_in_node > 1.5) & (changes_in_node > 2.5) & (no_of_nodes_in <= 2.5),
140,3,(block_of_affere <= 1.5) & (special_forms > 1.5) & (changes_in_lym <= 1.5),(block_of_affere <= 1.5) & (special_forms > 1.5) & (changes_in_node <= 1.5),(block_of_affere <= 1.5) & (early_uptake_in <= 1.5) & (no_of_nodes_in > 3.0),
141,6,(block_of_affere > 1.5) & (no_of_nodes_in <= 3.5) & (changes_in_node <= 3.5) & (changes_in_node > 1.5) & (no_of_nodes_in <= 2.5) & (changes_in_node > 2.5),(block_of_affere > 1.5) & (no_of_nodes_in <= 3.5) & (changes_in_node <= 3.5) & (changes_in_node > 1.5) & (changes_in_node > 2.5) & (no_of_nodes_in <= 2.5),(changes_in_node <= 3.5) & (block_of_affere > 1.5) & (no_of_nodes_in <= 3.5) & (changes_in_node > 1.5) & (changes_in_node > 2.5) & (no_of_nodes_in <= 2.5),
142,2,(changes_in_node > 3.5) & (no_of_nodes_in > 1.5),,,
143,6,(block_of_affere > 1.5) & (no_of_nodes_in <= 3.5) & (changes_in_node <= 3.5) & (changes_in_node > 1.5) & (no_of_nodes_in <= 2.5) & (changes_in_node > 2.5),(block_of_affere > 1.5) & (no_of_nodes_in <= 3.5) & (changes_in_node <= 3.5) & (changes_in_node > 1.5) & (changes_in_node > 2.5) & (no_of_nodes_in <= 2.5),(changes_in_node <= 3.5) & (block_of_affere > 1.5) & (no_of_nodes_in <= 3.5) & (changes_in_node > 1.5) & (changes_in_node > 2.5) & (no_of_nodes_in <= 2.5),
144,6,(changes_in_node <= 3.5) & (block_of_affere > 1.5) & (no_of_nodes_in > 3.5) & (changes_in_stru > 4.5) & (special_forms > 1.5) & (dislocation_of > 1.5),(block_of_affere > 1.5) & (no_of_nodes_in > 3.5) & (changes_in_stru > 4.5) & (changes_in_lym > 1.5) & (special_forms <= 2.5) & (changes_in_node > 2.5),(block_of_affere > 1.5) & (no_of_nodes_in > 3.5) & (changes_in_stru > 4.5) & (special_forms > 1.5) & (special_forms <= 2.5) & (changes_in_stru <= 6.5),(block_of_affere > 1.5) & (no_of_nodes_in > 3.5) & (changes_in_stru > 4.5) & (special_forms > 1.5) & (special_forms <= 2.5) & (changes_in_node > 2.5)
145,5,(block_of_affere <= 1.5) & (early_uptake_in <= 1.5) & (no_of_nodes_in <= 3.0) & (changes_in_stru > 2.0) & (changes_in_lym <= 1.5),(block_of_affere <= 1.5) & (special_forms <= 1.5) & (no_of_nodes_in <= 1.5) & (changes_in_stru > 1.5) & (exclusion_of_no > 1.5),,
146,5,(block_of_affere > 1.5) & (no_of_nodes_in > 3.5) & (changes_in_stru > 4.5) & (special_forms > 1.5) & (special_forms > 2.5),(block_of_affere > 1.5) & (no_of_nodes_in > 3.5) & (changes_in_stru > 4.5) & (changes_in_lym > 1.5) & (special_forms > 2.5),,
147,4,(block_of_affere <= 1.5) & (early_uptake_in > 1.5) & (special_forms <= 1.5) & (no_of_nodes_in <= 1.5),,,
148,4,(block_of_affere > 1.5) & (no_of_nodes_in > 3.5) & (changes_in_stru <= 4.5) & (changes_in_lym > 2.5),(block_of_affere > 1.5) & (no_of_nodes_in > 3.5) & (changes_in_stru <= 4.5) & (changes_in_node > 2.5),,
