Order,bottom-left-square-x,bottom-left-square-o,bottom-left-square-b,top-middle-square-x,top-middle-square-o,top-middle-square-b,top-left-square-x,top-left-square-o,top-left-square-b,bottom-right-square-o,bottom-right-square-x,bottom-right-square-b,bottom-middle-square-o,bottom-middle-square-x,bottom-middle-square-b,middle-left-square-x,middle-left-square-o,middle-left-square-b,middle-middle-square-o,middle-middle-square-b,middle-middle-square-x,top-right-square-x,top-right-square-o,top-right-square-b,class
1,1,0,0,1,0,0,1,0,0,1,0,0,1,0,0,1,0,0,1,0,0,1,0,0,positive
2,0,1,0,1,0,0,1,0,0,1,0,0,0,1,0,1,0,0,1,0,0,1,0,0,positive
3,0,1,0,1,0,0,1,0,0,0,1,0,1,0,0,1,0,0,1,0,0,1,0,0,positive
4,0,1,0,1,0,0,1,0,0,0,0,1,0,0,1,1,0,0,1,0,0,1,0,0,positive
5,0,0,1,1,0,0,1,0,0,0,0,1,1,0,0,1,0,0,1,0,0,1,0,0,positive
6,0,0,1,1,0,0,1,0,0,1,0,0,0,0,1,1,0,0,1,0,0,1,0,0,positive
7,0,1,0,1,0,0,1,0,0,0,0,1,1,0,0,1,0,0,1,0,0,1,0,0,positive
8,0,1,0,1,0,0,1,0,0,1,0,0,0,0,1,1,0,0,1,0,0,1,0,0,positive
9,0,0,1,1,0,0,1,0,0,1,0,0,1,0,0,1,0,0,1,0,0,1,0,0,positive
10,0,1,0,1,0,0,1,0,0,0,0,1,1,0,0,1,0,0,0,1,0,1,0,0,positive
11,0,1,0,1,0,0,1,0,0,1,0,0,0,0,1,1,0,0,0,1,0,1,0,0,positive
12,0,0,1,1,0,0,1,0,0,1,0,0,1,0,0,1,0,0,0,1,0,1,0,0,positive
13,1,0,0,1,0,0,1,0,0,1,0,0,1,0,0,0,1,0,0,0,1,1,0,0,positive
14,0,1,0,1,0,0,1,0,0,1,0,0,0,1,0,0,1,0,0,0,1,1,0,0,positive
15,0,1,0,1,0,0,1,0,0,0,1,0,1,0,0,0,1,0,0,0,1,1,0,0,positive
16,0,1,0,1,0,0,1,0,0,0,0,1,0,0,1,0,1,0,0,0,1,1,0,0,positive
17,0,0,1,1,0,0,1,0,0,0,0,1,1,0,0,0,1,0,0,0,1,1,0,0,positive
18,0,0,1,1,0,0,1,0,0,1,0,0,0,0,1,0,1,0,0,0,1,1,0,0,positive
19,0,1,0,1,0,0,1,0,0,0,0,1,1,0,0,0,1,0,0,0,1,1,0,0,positive
20,0,1,0,1,0,0,1,0,0,1,0,0,0,0,1,0,1,0,0,0,1,1,0,0,positive
21,0,0,1,1,0,0,1,0,0,1,0,0,1,0,0,0,1,0,0,0,1,1,0,0,positive
22,1,0,0,1,0,0,1,0,0,1,0,0,1,0,0,0,1,0,1,0,0,1,0,0,positive
23,0,1,0,1,0,0,1,0,0,1,0,0,0,1,0,0,1,0,1,0,0,1,0,0,positive
24,0,1,0,1,0,0,1,0,0,0,1,0,1,0,0,0,1,0,1,0,0,1,0,0,positive
25,0,1,0,1,0,0,1,0,0,0,0,1,0,0,1,0,1,0,1,0,0,1,0,0,positive
26,0,0,1,1,0,0,1,0,0,0,0,1,1,0,0,0,1,0,1,0,0,1,0,0,positive
27,0,0,1,1,0,0,1,0,0,1,0,0,0,0,1,0,1,0,1,0,0,1,0,0,positive
28,1,0,0,1,0,0,1,0,0,0,0,1,1,0,0,0,1,0,1,0,0,1,0,0,positive
29,1,0,0,1,0,0,1,0,0,1,0,0,0,0,1,0,1,0,1,0,0,1,0,0,positive
30,0,1,0,1,0,0,1,0,0,0,0,1,0,1,0,0,1,0,1,0,0,1,0,0,positive
31,0,1,0,1,0,0,1,0,0,0,1,0,0,0,1,0,1,0,1,0,0,1,0,0,positive
32,0,0,1,1,0,0,1,0,0,1,0,0,0,1,0,0,1,0,1,0,0,1,0,0,positive
33,0,0,1,1,0,0,1,0,0,0,1,0,1,0,0,0,1,0,1,0,0,1,0,0,positive
34,0,0,1,1,0,0,1,0,0,0,0,1,0,0,1,0,1,0,1,0,0,1,0,0,positive
35,0,1,0,1,0,0,1,0,0,0,0,1,1,0,0,0,1,0,0,1,0,1,0,0,positive
36,0,1,0,1,0,0,1,0,0,1,0,0,0,0,1,0,1,0,0,1,0,1,0,0,positive
37,0,0,1,1,0,0,1,0,0,1,0,0,1,0,0,0,1,0,0,1,0,1,0,0,positive
38,1,0,0,1,0,0,1,0,0,0,0,1,1,0,0,0,1,0,0,1,0,1,0,0,positive
39,1,0,0,1,0,0,1,0,0,1,0,0,0,0,1,0,1,0,0,1,0,1,0,0,positive
40,0,1,0,1,0,0,1,0,0,0,0,1,0,1,0,0,1,0,0,1,0,1,0,0,positive
41,0,1,0,1,0,0,1,0,0,0,1,0,0,0,1,0,1,0,0,1,0,1,0,0,positive
42,0,0,1,1,0,0,1,0,0,1,0,0,0,1,0,0,1,0,0,1,0,1,0,0,positive
43,0,0,1,1,0,0,1,0,0,0,1,0,1,0,0,0,1,0,0,1,0,1,0,0,positive
44,0,0,1,1,0,0,1,0,0,0,0,1,0,0,1,0,1,0,0,1,0,1,0,0,positive
45,1,0,0,1,0,0,1,0,0,1,0,0,1,0,0,0,1,0,0,1,0,1,0,0,positive
46,0,1,0,1,0,0,1,0,0,1,0,0,0,1,0,0,1,0,0,1,0,1,0,0,positive
47,0,1,0,1,0,0,1,0,0,0,1,0,1,0,0,0,1,0,0,1,0,1,0,0,positive
48,0,1,0,1,0,0,1,0,0,0,0,1,0,0,1,0,1,0,0,1,0,1,0,0,positive
49,0,0,1,1,0,0,1,0,0,0,0,1,1,0,0,0,1,0,0,1,0,1,0,0,positive
50,0,0,1,1,0,0,1,0,0,1,0,0,0,0,1,0,1,0,0,1,0,1,0,0,positive
51,0,1,0,1,0,0,1,0,0,0,0,1,1,0,0,0,0,1,0,0,1,1,0,0,positive
52,0,1,0,1,0,0,1,0,0,1,0,0,0,0,1,0,0,1,0,0,1,1,0,0,positive
53,0,0,1,1,0,0,1,0,0,1,0,0,1,0,0,0,0,1,0,0,1,1,0,0,positive
54,0,1,0,1,0,0,1,0,0,0,0,1,1,0,0,0,0,1,1,0,0,1,0,0,positive
55,0,1,0,1,0,0,1,0,0,1,0,0,0,0,1,0,0,1,1,0,0,1,0,0,positive
56,0,0,1,1,0,0,1,0,0,1,0,0,1,0,0,0,0,1,1,0,0,1,0,0,positive
57,1,0,0,1,0,0,1,0,0,0,0,1,1,0,0,0,0,1,1,0,0,1,0,0,positive
58,1,0,0,1,0,0,1,0,0,1,0,0,0,0,1,0,0,1,1,0,0,1,0,0,positive
59,0,1,0,1,0,0,1,0,0,0,0,1,0,1,0,0,0,1,1,0,0,1,0,0,positive
60,0,1,0,1,0,0,1,0,0,0,1,0,0,0,1,0,0,1,1,0,0,1,0,0,positive
61,0,0,1,1,0,0,1,0,0,1,0,0,0,1,0,0,0,1,1,0,0,1,0,0,positive
62,0,0,1,1,0,0,1,0,0,0,1,0,1,0,0,0,0,1,1,0,0,1,0,0,positive
63,0,0,1,1,0,0,1,0,0,0,0,1,0,0,1,0,0,1,1,0,0,1,0,0,positive
64,1,0,0,1,0,0,1,0,0,1,0,0,1,0,0,0,0,1,1,0,0,1,0,0,positive
65,0,1,0,1,0,0,1,0,0,1,0,0,0,1,0,0,0,1,1,0,0,1,0,0,positive
66,0,1,0,1,0,0,1,0,0,0,1,0,1,0,0,0,0,1,1,0,0,1,0,0,positive
67,0,1,0,1,0,0,1,0,0,0,0,1,0,0,1,0,0,1,1,0,0,1,0,0,positive
68,0,0,1,1,0,0,1,0,0,0,0,1,1,0,0,0,0,1,1,0,0,1,0,0,positive
69,0,0,1,1,0,0,1,0,0,1,0,0,0,0,1,0,0,1,1,0,0,1,0,0,positive
70,1,0,0,1,0,0,1,0,0,1,0,0,1,0,0,0,0,1,0,1,0,1,0,0,positive
71,0,1,0,1,0,0,1,0,0,1,0,0,0,1,0,0,0,1,0,1,0,1,0,0,positive
72,0,1,0,1,0,0,1,0,0,0,1,0,1,0,0,0,0,1,0,1,0,1,0,0,positive
73,0,1,0,1,0,0,1,0,0,0,0,1,0,0,1,0,0,1,0,1,0,1,0,0,positive
74,0,0,1,1,0,0,1,0,0,0,0,1,1,0,0,0,0,1,0,1,0,1,0,0,positive
75,0,0,1,1,0,0,1,0,0,1,0,0,0,0,1,0,0,1,0,1,0,1,0,0,positive
76,0,1,0,1,0,0,1,0,0,0,0,1,1,0,0,0,0,1,0,1,0,1,0,0,positive
77,0,1,0,1,0,0,1,0,0,1,0,0,0,0,1,0,0,1,0,1,0,1,0,0,positive
78,0,0,1,1,0,0,1,0,0,1,0,0,1,0,0,0,0,1,0,1,0,1,0,0,positive
79,0,1,0,1,0,0,1,0,0,0,1,0,1,0,0,1,0,0,0,0,1,0,1,0,positive
80,1,0,0,1,0,0,1,0,0,1,0,0,1,0,0,1,0,0,1,0,0,0,1,0,positive
81,1,0,0,1,0,0,1,0,0,0,1,0,1,0,0,1,0,0,1,0,0,0,1,0,positive
82,1,0,0,1,0,0,1,0,0,0,0,1,0,0,1,1,0,0,1,0,0,0,1,0,positive
83,1,0,0,1,0,0,1,0,0,0,0,1,1,0,0,1,0,0,1,0,0,0,1,0,positive
84,1,0,0,1,0,0,1,0,0,1,0,0,0,0,1,1,0,0,1,0,0,0,1,0,positive
85,1,0,0,1,0,0,1,0,0,0,0,1,1,0,0,1,0,0,0,1,0,0,1,0,positive
86,1,0,0,1,0,0,1,0,0,1,0,0,1,0,0,1,0,0,0,1,0,0,1,0,positive
87,0,1,0,1,0,0,1,0,0,1,0,0,0,1,0,0,1,0,0,0,1,0,1,0,positive
88,0,1,0,1,0,0,1,0,0,0,1,0,1,0,0,0,1,0,0,0,1,0,1,0,positive
89,1,0,0,1,0,0,1,0,0,0,1,0,1,0,0,0,1,0,0,0,1,0,1,0,positive
90,0,1,0,1,0,0,1,0,0,0,1,0,0,1,0,0,1,0,0,0,1,0,1,0,positive
91,0,0,1,1,0,0,1,0,0,0,0,1,0,1,0,0,1,0,0,0,1,0,1,0,positive
92,0,0,1,1,0,0,1,0,0,0,1,0,0,0,1,0,1,0,0,0,1,0,1,0,positive
93,0,1,0,1,0,0,1,0,0,0,0,1,0,1,0,0,1,0,0,0,1,0,1,0,positive
94,0,1,0,1,0,0,1,0,0,0,1,0,0,0,1,0,1,0,0,0,1,0,1,0,positive
95,0,0,1,1,0,0,1,0,0,1,0,0,0,1,0,0,1,0,0,0,1,0,1,0,positive
96,0,0,1,1,0,0,1,0,0,0,1,0,1,0,0,0,1,0,0,0,1,0,1,0,positive
97,0,1,0,1,0,0,1,0,0,0,0,1,0,1,0,0,0,1,0,0,1,0,1,0,positive
98,0,1,0,1,0,0,1,0,0,0,1,0,0,0,1,0,0,1,0,0,1,0,1,0,positive
99,0,0,1,1,0,0,1,0,0,0,1,0,1,0,0,0,0,1,0,0,1,0,1,0,positive
100,0,1,0,1,0,0,1,0,0,1,0,0,0,1,0,0,0,1,0,0,1,0,1,0,positive
101,0,1,0,1,0,0,1,0,0,0,1,0,1,0,0,0,0,1,0,0,1,0,1,0,positive
102,1,0,0,1,0,0,1,0,0,0,0,1,1,0,0,1,0,0,1,0,0,0,0,1,positive
103,1,0,0,1,0,0,1,0,0,1,0,0,0,0,1,1,0,0,1,0,0,0,0,1,positive
104,1,0,0,1,0,0,1,0,0,1,0,0,1,0,0,1,0,0,1,0,0,0,0,1,positive
105,1,0,0,1,0,0,1,0,0,1,0,0,1,0,0,1,0,0,0,1,0,0,0,1,positive
106,0,1,0,1,0,0,1,0,0,0,0,1,0,1,0,0,1,0,0,0,1,0,0,1,positive
107,0,1,0,1,0,0,1,0,0,0,1,0,0,0,1,0,1,0,0,0,1,0,0,1,positive
108,0,0,1,1,0,0,1,0,0,1,0,0,0,1,0,0,1,0,0,0,1,0,0,1,positive
109,0,0,1,1,0,0,1,0,0,0,1,0,1,0,0,0,1,0,0,0,1,0,0,1,positive
110,0,1,0,1,0,0,1,0,0,1,0,0,0,1,0,0,1,0,0,0,1,0,0,1,positive
111,0,1,0,1,0,0,1,0,0,0,1,0,1,0,0,0,1,0,0,0,1,0,0,1,positive
112,0,1,0,1,0,0,1,0,0,1,0,0,0,1,0,0,0,1,0,0,1,0,0,1,positive
113,0,1,0,1,0,0,1,0,0,0,1,0,1,0,0,0,0,1,0,0,1,0,0,1,positive
114,1,0,0,0,1,0,1,0,0,1,0,0,1,0,0,1,0,0,0,0,1,1,0,0,positive
115,0,1,0,0,1,0,1,0,0,0,1,0,1,0,0,1,0,0,0,0,1,1,0,0,positive
116,1,0,0,0,1,0,1,0,0,1,0,0,0,1,0,1,0,0,1,0,0,1,0,0,positive
117,1,0,0,0,1,0,1,0,0,0,0,1,0,0,1,1,0,0,1,0,0,1,0,0,positive
118,1,0,0,0,1,0,1,0,0,1,0,0,0,0,1,1,0,0,1,0,0,1,0,0,positive
119,1,0,0,0,1,0,1,0,0,0,0,1,1,0,0,1,0,0,0,1,0,1,0,0,positive
120,1,0,0,0,1,0,1,0,0,1,0,0,0,0,1,1,0,0,0,1,0,1,0,0,positive
121,1,0,0,0,1,0,1,0,0,1,0,0,1,0,0,1,0,0,0,1,0,1,0,0,positive
122,1,0,0,0,1,0,1,0,0,1,0,0,1,0,0,0,1,0,0,0,1,1,0,0,positive
123,0,1,0,0,1,0,1,0,0,0,1,0,1,0,0,0,1,0,0,0,1,1,0,0,positive
124,1,0,0,0,1,0,1,0,0,1,0,0,0,1,0,0,1,0,0,0,1,1,0,0,positive
125,1,0,0,0,1,0,1,0,0,0,1,0,1,0,0,0,1,0,0,0,1,1,0,0,positive
126,1,0,0,0,1,0,1,0,0,0,0,1,0,0,1,0,1,0,0,0,1,1,0,0,positive
127,0,1,0,0,1,0,1,0,0,0,1,0,0,1,0,0,1,0,0,0,1,1,0,0,positive
128,0,0,1,0,1,0,1,0,0,0,1,0,0,0,1,0,1,0,0,0,1,1,0,0,positive
129,1,0,0,0,1,0,1,0,0,0,0,1,1,0,0,0,1,0,0,0,1,1,0,0,positive
130,1,0,0,0,1,0,1,0,0,1,0,0,0,0,1,0,1,0,0,0,1,1,0,0,positive
131,0,1,0,0,1,0,1,0,0,0,1,0,0,0,1,0,1,0,0,0,1,1,0,0,positive
132,0,0,1,0,1,0,1,0,0,0,1,0,1,0,0,0,1,0,0,0,1,1,0,0,positive
133,0,1,0,0,1,0,1,0,0,0,1,0,0,1,0,0,1,0,1,0,0,1,0,0,positive
134,0,0,1,0,1,0,1,0,0,0,1,0,0,0,1,0,1,0,1,0,0,1,0,0,positive
135,0,1,0,0,1,0,1,0,0,0,1,0,0,0,1,0,1,0,0,1,0,1,0,0,positive
136,0,0,1,0,1,0,1,0,0,0,1,0,1,0,0,0,1,0,0,1,0,1,0,0,positive
137,1,0,0,0,1,0,1,0,0,0,0,1,1,0,0,0,0,1,0,0,1,1,0,0,positive
138,1,0,0,0,1,0,1,0,0,1,0,0,0,0,1,0,0,1,0,0,1,1,0,0,positive
139,0,1,0,0,1,0,1,0,0,0,1,0,0,0,1,0,0,1,0,0,1,1,0,0,positive
140,0,0,1,0,1,0,1,0,0,0,1,0,1,0,0,0,0,1,0,0,1,1,0,0,positive
141,1,0,0,0,1,0,1,0,0,1,0,0,1,0,0,0,0,1,0,0,1,1,0,0,positive
142,0,1,0,0,1,0,1,0,0,0,1,0,1,0,0,0,0,1,0,0,1,1,0,0,positive
143,0,1,0,0,1,0,1,0,0,0,1,0,0,0,1,0,0,1,1,0,0,1,0,0,positive
144,0,1,0,0,1,0,1,0,0,0,1,0,1,0,0,0,0,1,0,1,0,1,0,0,positive
145,1,0,0,0,1,0,1,0,0,1,0,0,1,0,0,1,0,0,0,0,1,0,1,0,positive
146,0,1,0,0,1,0,1,0,0,1,0,0,0,1,0,1,0,0,0,0,1,0,1,0,positive
147,0,1,0,0,1,0,1,0,0,0,1,0,1,0,0,1,0,0,0,0,1,0,1,0,positive
148,0,1,0,0,1,0,1,0,0,0,0,1,0,0,1,1,0,0,0,0,1,0,1,0,positive
149,0,0,1,0,1,0,1,0,0,0,0,1,1,0,0,1,0,0,0,0,1,0,1,0,positive
150,0,0,1,0,1,0,1,0,0,1,0,0,0,0,1,1,0,0,0,0,1,0,1,0,positive
151,1,0,0,0,1,0,1,0,0,0,1,0,1,0,0,1,0,0,0,0,1,0,1,0,positive
152,1,0,0,0,1,0,1,0,0,0,0,1,0,0,1,1,0,0,0,0,1,0,1,0,positive
153,0,1,0,0,1,0,1,0,0,0,1,0,0,1,0,1,0,0,0,0,1,0,1,0,positive
154,0,0,1,0,1,0,1,0,0,0,1,0,0,0,1,1,0,0,0,0,1,0,1,0,positive
155,1,0,0,0,1,0,1,0,0,0,0,1,1,0,0,1,0,0,0,0,1,0,1,0,positive
156,1,0,0,0,1,0,1,0,0,1,0,0,0,0,1,1,0,0,0,0,1,0,1,0,positive
157,0,1,0,0,1,0,1,0,0,0,1,0,0,0,1,1,0,0,0,0,1,0,1,0,positive
158,0,0,1,0,1,0,1,0,0,0,1,0,1,0,0,1,0,0,0,0,1,0,1,0,positive
159,1,0,0,0,1,0,1,0,0,1,0,0,0,1,0,1,0,0,1,0,0,0,1,0,positive
160,1,0,0,0,1,0,1,0,0,0,0,1,0,0,1,1,0,0,1,0,0,0,1,0,positive
161,1,0,0,0,1,0,1,0,0,0,1,0,0,1,0,1,0,0,1,0,0,0,1,0,positive
162,1,0,0,0,1,0,1,0,0,0,0,1,0,1,0,1,0,0,1,0,0,0,1,0,positive
163,1,0,0,0,1,0,1,0,0,0,1,0,0,0,1,1,0,0,1,0,0,0,1,0,positive
164,1,0,0,0,1,0,1,0,0,0,0,1,1,0,0,1,0,0,0,1,0,0,1,0,positive
165,1,0,0,0,1,0,1,0,0,1,0,0,0,0,1,1,0,0,0,1,0,0,1,0,positive
166,1,0,0,0,1,0,1,0,0,0,0,1,0,1,0,1,0,0,0,1,0,0,1,0,positive
167,1,0,0,0,1,0,1,0,0,0,1,0,0,0,1,1,0,0,0,1,0,0,1,0,positive
168,1,0,0,0,1,0,1,0,0,1,0,0,0,1,0,1,0,0,0,1,0,0,1,0,positive
169,1,0,0,0,1,0,1,0,0,0,1,0,1,0,0,1,0,0,0,1,0,0,1,0,positive
170,1,0,0,0,1,0,1,0,0,0,0,1,0,0,1,1,0,0,0,1,0,0,1,0,positive
171,1,0,0,0,1,0,1,0,0,0,1,0,1,0,0,0,1,0,0,0,1,0,1,0,positive
172,0,1,0,0,1,0,1,0,0,0,1,0,0,1,0,0,1,0,0,0,1,0,1,0,positive
173,0,0,1,0,1,0,1,0,0,0,1,0,0,0,1,0,1,0,0,0,1,0,1,0,positive
174,1,0,0,0,1,0,1,0,0,0,1,0,0,1,0,0,1,0,0,0,1,0,1,0,positive
175,1,0,0,0,1,0,1,0,0,0,1,0,0,0,1,0,1,0,0,0,1,0,1,0,positive
176,0,0,1,0,1,0,1,0,0,0,1,0,0,1,0,0,1,0,0,0,1,0,1,0,positive
177,1,0,0,0,1,0,1,0,0,0,1,0,0,1,0,0,1,0,1,0,0,0,1,0,positive
178,1,0,0,0,1,0,1,0,0,0,1,0,0,1,0,0,1,0,0,1,0,0,1,0,positive
179,0,1,0,0,1,0,1,0,0,0,1,0,0,0,1,0,0,1,0,0,1,0,1,0,positive
180,0,0,1,0,1,0,1,0,0,0,1,0,1,0,0,0,0,1,0,0,1,0,1,0,positive
181,1,0,0,0,1,0,1,0,0,0,1,0,0,0,1,0,0,1,0,0,1,0,1,0,positive
182,0,0,1,0,1,0,1,0,0,0,1,0,0,1,0,0,0,1,0,0,1,0,1,0,positive
183,1,0,0,0,1,0,1,0,0,0,1,0,1,0,0,0,0,1,0,0,1,0,1,0,positive
184,0,1,0,0,1,0,1,0,0,0,1,0,0,1,0,0,0,1,0,0,1,0,1,0,positive
185,0,0,1,0,1,0,1,0,0,0,1,0,0,0,1,0,0,1,0,0,1,0,1,0,positive
186,1,0,0,0,1,0,1,0,0,0,1,0,0,1,0,0,0,1,1,0,0,0,1,0,positive
187,1,0,0,0,1,0,1,0,0,0,1,0,0,1,0,0,0,1,0,1,0,0,1,0,positive
188,0,1,0,0,1,0,1,0,0,0,0,1,1,0,0,1,0,0,0,0,1,0,0,1,positive
189,0,1,0,0,1,0,1,0,0,1,0,0,0,0,1,1,0,0,0,0,1,0,0,1,positive
190,0,0,1,0,1,0,1,0,0,1,0,0,1,0,0,1,0,0,0,0,1,0,0,1,positive
191,1,0,0,0,1,0,1,0,0,0,0,1,1,0,0,1,0,0,0,0,1,0,0,1,positive
192,1,0,0,0,1,0,1,0,0,1,0,0,0,0,1,1,0,0,0,0,1,0,0,1,positive
193,0,1,0,0,1,0,1,0,0,0,1,0,0,0,1,1,0,0,0,0,1,0,0,1,positive
194,0,0,1,0,1,0,1,0,0,0,1,0,1,0,0,1,0,0,0,0,1,0,0,1,positive
195,1,0,0,0,1,0,1,0,0,1,0,0,1,0,0,1,0,0,0,0,1,0,0,1,positive
196,0,1,0,0,1,0,1,0,0,0,1,0,1,0,0,1,0,0,0,0,1,0,0,1,positive
197,1,0,0,0,1,0,1,0,0,1,0,0,0,0,1,1,0,0,1,0,0,0,0,1,positive
198,1,0,0,0,1,0,1,0,0,0,0,1,0,1,0,1,0,0,1,0,0,0,0,1,positive
199,1,0,0,0,1,0,1,0,0,0,1,0,0,0,1,1,0,0,1,0,0,0,0,1,positive
200,1,0,0,0,1,0,1,0,0,1,0,0,0,1,0,1,0,0,1,0,0,0,0,1,positive
201,1,0,0,0,1,0,1,0,0,0,0,1,0,0,1,1,0,0,1,0,0,0,0,1,positive
202,1,0,0,0,1,0,1,0,0,1,0,0,1,0,0,1,0,0,0,1,0,0,0,1,positive
203,1,0,0,0,1,0,1,0,0,1,0,0,0,1,0,1,0,0,0,1,0,0,0,1,positive
204,1,0,0,0,1,0,1,0,0,0,1,0,1,0,0,1,0,0,0,1,0,0,0,1,positive
205,1,0,0,0,1,0,1,0,0,0,0,1,0,0,1,1,0,0,0,1,0,0,0,1,positive
206,1,0,0,0,1,0,1,0,0,0,0,1,1,0,0,1,0,0,0,1,0,0,0,1,positive
207,1,0,0,0,1,0,1,0,0,1,0,0,0,0,1,1,0,0,0,1,0,0,0,1,positive
208,0,1,0,0,1,0,1,0,0,0,1,0,0,0,1,0,1,0,0,0,1,0,0,1,positive
209,0,0,1,0,1,0,1,0,0,0,1,0,1,0,0,0,1,0,0,0,1,0,0,1,positive
210,1,0,0,0,1,0,1,0,0,0,1,0,0,0,1,0,1,0,0,0,1,0,0,1,positive
211,0,0,1,0,1,0,1,0,0,0,1,0,0,1,0,0,1,0,0,0,1,0,0,1,positive
212,1,0,0,0,1,0,1,0,0,0,1,0,1,0,0,0,1,0,0,0,1,0,0,1,positive
213,0,1,0,0,1,0,1,0,0,0,1,0,0,1,0,0,1,0,0,0,1,0,0,1,positive
214,0,0,1,0,1,0,1,0,0,0,1,0,0,0,1,0,1,0,0,0,1,0,0,1,positive
215,1,0,0,0,1,0,1,0,0,0,1,0,0,1,0,0,1,0,1,0,0,0,0,1,positive
216,1,0,0,0,1,0,1,0,0,0,1,0,0,1,0,0,1,0,0,1,0,0,0,1,positive
217,0,1,0,0,1,0,1,0,0,0,1,0,1,0,0,0,0,1,0,0,1,0,0,1,positive
218,1,0,0,0,1,0,1,0,0,0,1,0,1,0,0,0,0,1,0,0,1,0,0,1,positive
219,0,1,0,0,1,0,1,0,0,0,1,0,0,1,0,0,0,1,0,0,1,0,0,1,positive
220,0,0,1,0,1,0,1,0,0,0,1,0,0,0,1,0,0,1,0,0,1,0,0,1,positive
221,0,1,0,0,1,0,1,0,0,0,1,0,0,0,1,0,0,1,0,0,1,0,0,1,positive
222,0,0,1,0,1,0,1,0,0,0,1,0,1,0,0,0,0,1,0,0,1,0,0,1,positive
223,1,0,0,0,1,0,1,0,0,0,1,0,0,1,0,0,0,1,1,0,0,0,0,1,positive
224,1,0,0,0,0,1,1,0,0,0,0,1,1,0,0,1,0,0,1,0,0,1,0,0,positive
225,1,0,0,0,0,1,1,0,0,1,0,0,0,0,1,1,0,0,1,0,0,1,0,0,positive
226,1,0,0,0,0,1,1,0,0,1,0,0,1,0,0,1,0,0,1,0,0,1,0,0,positive
227,1,0,0,0,0,1,1,0,0,1,0,0,1,0,0,1,0,0,0,1,0,1,0,0,positive
228,1,0,0,0,0,1,1,0,0,0,0,1,1,0,0,0,1,0,0,0,1,1,0,0,positive
229,1,0,0,0,0,1,1,0,0,1,0,0,0,0,1,0,1,0,0,0,1,1,0,0,positive
230,0,1,0,0,0,1,1,0,0,0,1,0,0,0,1,0,1,0,0,0,1,1,0,0,positive
231,0,0,1,0,0,1,1,0,0,0,1,0,1,0,0,0,1,0,0,0,1,1,0,0,positive
232,1,0,0,0,0,1,1,0,0,1,0,0,1,0,0,0,1,0,0,0,1,1,0,0,positive
233,0,1,0,0,0,1,1,0,0,0,1,0,1,0,0,0,1,0,0,0,1,1,0,0,positive
234,0,1,0,0,0,1,1,0,0,0,1,0,0,0,1,0,1,0,1,0,0,1,0,0,positive
235,0,0,1,0,0,1,1,0,0,0,1,0,1,0,0,0,1,0,1,0,0,1,0,0,positive
236,0,1,0,0,0,1,1,0,0,0,1,0,1,0,0,0,1,0,0,1,0,1,0,0,positive
237,1,0,0,0,0,1,1,0,0,1,0,0,1,0,0,0,0,1,0,0,1,1,0,0,positive
238,0,1,0,0,0,1,1,0,0,0,1,0,1,0,0,0,0,1,0,0,1,1,0,0,positive
239,0,1,0,0,0,1,1,0,0,0,1,0,1,0,0,0,0,1,1,0,0,1,0,0,positive
240,0,1,0,0,0,1,1,0,0,0,0,1,1,0,0,1,0,0,0,0,1,0,1,0,positive
241,0,1,0,0,0,1,1,0,0,1,0,0,0,0,1,1,0,0,0,0,1,0,1,0,positive
242,0,0,1,0,0,1,1,0,0,1,0,0,1,0,0,1,0,0,0,0,1,0,1,0,positive
243,1,0,0,0,0,1,1,0,0,0,0,1,1,0,0,1,0,0,0,0,1,0,1,0,positive
244,0,1,0,0,0,1,1,0,0,0,1,0,0,0,1,1,0,0,0,0,1,0,1,0,positive
245,0,0,1,0,0,1,1,0,0,0,1,0,1,0,0,1,0,0,0,0,1,0,1,0,positive
246,1,0,0,0,0,1,1,0,0,1,0,0,1,0,0,1,0,0,0,0,1,0,1,0,positive
247,0,1,0,0,0,1,1,0,0,0,1,0,1,0,0,1,0,0,0,0,1,0,1,0,positive
248,1,0,0,0,0,1,1,0,0,0,0,1,1,0,0,1,0,0,1,0,0,0,1,0,positive
249,1,0,0,0,0,1,1,0,0,1,0,0,0,0,1,1,0,0,1,0,0,0,1,0,positive
250,1,0,0,0,0,1,1,0,0,0,0,1,0,1,0,1,0,0,1,0,0,0,1,0,positive
251,1,0,0,0,0,1,1,0,0,0,1,0,0,0,1,1,0,0,1,0,0,0,1,0,positive
252,1,0,0,0,0,1,1,0,0,1,0,0,0,1,0,1,0,0,1,0,0,0,1,0,positive
253,1,0,0,0,0,1,1,0,0,0,1,0,1,0,0,1,0,0,1,0,0,0,1,0,positive
254,1,0,0,0,0,1,1,0,0,0,0,1,0,0,1,1,0,0,1,0,0,0,1,0,positive
255,1,0,0,0,0,1,1,0,0,1,0,0,1,0,0,1,0,0,0,1,0,0,1,0,positive
256,1,0,0,0,0,1,1,0,0,0,1,0,1,0,0,1,0,0,0,1,0,0,1,0,positive
257,1,0,0,0,0,1,1,0,0,0,0,1,0,0,1,1,0,0,0,1,0,0,1,0,positive
258,1,0,0,0,0,1,1,0,0,0,0,1,1,0,0,1,0,0,0,1,0,0,1,0,positive
259,1,0,0,0,0,1,1,0,0,1,0,0,0,0,1,1,0,0,0,1,0,0,1,0,positive
260,0,1,0,0,0,1,1,0,0,0,1,0,0,0,1,0,1,0,0,0,1,0,1,0,positive
261,0,0,1,0,0,1,1,0,0,0,1,0,1,0,0,0,1,0,0,0,1,0,1,0,positive
262,1,0,0,0,0,1,1,0,0,0,1,0,0,0,1,0,1,0,0,0,1,0,1,0,positive
263,0,0,1,0,0,1,1,0,0,0,1,0,0,1,0,0,1,0,0,0,1,0,1,0,positive
264,1,0,0,0,0,1,1,0,0,0,1,0,1,0,0,0,1,0,0,0,1,0,1,0,positive
265,0,1,0,0,0,1,1,0,0,0,1,0,0,1,0,0,1,0,0,0,1,0,1,0,positive
266,0,0,1,0,0,1,1,0,0,0,1,0,0,0,1,0,1,0,0,0,1,0,1,0,positive
267,1,0,0,0,0,1,1,0,0,0,1,0,0,1,0,0,1,0,1,0,0,0,1,0,positive
268,1,0,0,0,0,1,1,0,0,0,1,0,0,1,0,0,1,0,0,1,0,0,1,0,positive
269,0,1,0,0,0,1,1,0,0,0,1,0,1,0,0,0,0,1,0,0,1,0,1,0,positive
270,1,0,0,0,0,1,1,0,0,0,1,0,1,0,0,0,0,1,0,0,1,0,1,0,positive
271,0,1,0,0,0,1,1,0,0,0,1,0,0,1,0,0,0,1,0,0,1,0,1,0,positive
272,0,0,1,0,0,1,1,0,0,0,1,0,0,0,1,0,0,1,0,0,1,0,1,0,positive
273,0,1,0,0,0,1,1,0,0,0,1,0,0,0,1,0,0,1,0,0,1,0,1,0,positive
274,0,0,1,0,0,1,1,0,0,0,1,0,1,0,0,0,0,1,0,0,1,0,1,0,positive
275,1,0,0,0,0,1,1,0,0,0,1,0,0,1,0,0,0,1,1,0,0,0,1,0,positive
276,1,0,0,0,0,1,1,0,0,1,0,0,1,0,0,1,0,0,0,0,1,0,0,1,positive
277,0,1,0,0,0,1,1,0,0,0,1,0,1,0,0,1,0,0,0,0,1,0,0,1,positive
278,1,0,0,0,0,1,1,0,0,1,0,0,1,0,0,1,0,0,1,0,0,0,0,1,positive
279,1,0,0,0,0,1,1,0,0,1,0,0,0,1,0,1,0,0,1,0,0,0,0,1,positive
280,1,0,0,0,0,1,1,0,0,0,1,0,1,0,0,1,0,0,1,0,0,0,0,1,positive
281,1,0,0,0,0,1,1,0,0,0,0,1,0,0,1,1,0,0,1,0,0,0,0,1,positive
282,1,0,0,0,0,1,1,0,0,0,0,1,1,0,0,1,0,0,1,0,0,0,0,1,positive
283,1,0,0,0,0,1,1,0,0,1,0,0,0,0,1,1,0,0,1,0,0,0,0,1,positive
284,1,0,0,0,0,1,1,0,0,0,0,1,1,0,0,1,0,0,0,1,0,0,0,1,positive
285,1,0,0,0,0,1,1,0,0,1,0,0,0,0,1,1,0,0,0,1,0,0,0,1,positive
286,1,0,0,0,0,1,1,0,0,1,0,0,1,0,0,1,0,0,0,1,0,0,0,1,positive
287,0,1,0,0,0,1,1,0,0,0,1,0,1,0,0,0,1,0,0,0,1,0,0,1,positive
288,1,0,0,0,0,1,1,0,0,0,1,0,1,0,0,0,1,0,0,0,1,0,0,1,positive
289,0,1,0,0,0,1,1,0,0,0,1,0,0,1,0,0,1,0,0,0,1,0,0,1,positive
290,0,0,1,0,0,1,1,0,0,0,1,0,0,0,1,0,1,0,0,0,1,0,0,1,positive
291,0,1,0,0,0,1,1,0,0,0,1,0,0,0,1,0,1,0,0,0,1,0,0,1,positive
292,0,0,1,0,0,1,1,0,0,0,1,0,1,0,0,0,1,0,0,0,1,0,0,1,positive
293,0,1,0,0,0,1,1,0,0,0,1,0,0,0,1,0,0,1,0,0,1,0,0,1,positive
294,0,0,1,0,0,1,1,0,0,0,1,0,1,0,0,0,0,1,0,0,1,0,0,1,positive
295,0,1,0,0,0,1,1,0,0,0,1,0,1,0,0,0,0,1,0,0,1,0,0,1,positive
296,1,0,0,1,0,0,0,1,0,1,0,0,1,0,0,1,0,0,0,0,1,1,0,0,positive
297,0,1,0,1,0,0,0,1,0,1,0,0,0,1,0,1,0,0,0,0,1,1,0,0,positive
298,0,1,0,1,0,0,0,1,0,0,1,0,1,0,0,1,0,0,1,0,0,1,0,0,positive
299,1,0,0,1,0,0,0,1,0,1,0,0,1,0,0,0,1,0,0,0,1,1,0,0,positive
300,1,0,0,1,0,0,0,1,0,1,0,0,0,1,0,0,1,0,0,0,1,1,0,0,positive
301,1,0,0,1,0,0,0,1,0,0,1,0,1,0,0,0,1,0,0,0,1,1,0,0,positive
302,1,0,0,1,0,0,0,1,0,0,0,1,0,0,1,0,1,0,0,0,1,1,0,0,positive
303,0,0,1,1,0,0,0,1,0,0,0,1,0,1,0,0,1,0,0,0,1,1,0,0,positive
304,1,0,0,1,0,0,0,1,0,0,0,1,1,0,0,0,1,0,0,0,1,1,0,0,positive
305,1,0,0,1,0,0,0,1,0,1,0,0,0,0,1,0,1,0,0,0,1,1,0,0,positive
306,0,0,1,1,0,0,0,1,0,1,0,0,0,1,0,0,1,0,0,0,1,1,0,0,positive
307,1,0,0,1,0,0,0,1,0,0,1,0,1,0,0,0,1,0,1,0,0,1,0,0,positive
308,0,0,1,1,0,0,0,1,0,0,1,0,0,0,1,0,1,0,1,0,0,1,0,0,positive
309,0,0,1,1,0,0,0,1,0,0,1,0,1,0,0,0,1,0,0,1,0,1,0,0,positive
310,1,0,0,1,0,0,0,1,0,0,0,1,1,0,0,0,0,1,0,0,1,1,0,0,positive
311,1,0,0,1,0,0,0,1,0,1,0,0,0,0,1,0,0,1,0,0,1,1,0,0,positive
312,0,1,0,1,0,0,0,1,0,0,0,1,0,1,0,0,0,1,0,0,1,1,0,0,positive
313,0,0,1,1,0,0,0,1,0,1,0,0,0,1,0,0,0,1,0,0,1,1,0,0,positive
314,1,0,0,1,0,0,0,1,0,1,0,0,1,0,0,0,0,1,0,0,1,1,0,0,positive
315,0,1,0,1,0,0,0,1,0,1,0,0,0,1,0,0,0,1,0,0,1,1,0,0,positive
316,0,1,0,1,0,0,0,1,0,0,1,0,0,0,1,0,0,1,1,0,0,1,0,0,positive
317,0,0,1,1,0,0,0,1,0,0,1,0,1,0,0,0,0,1,1,0,0,1,0,0,positive
318,0,1,0,1,0,0,0,1,0,0,1,0,1,0,0,0,0,1,0,1,0,1,0,0,positive
319,1,0,0,1,0,0,0,1,0,1,0,0,1,0,0,1,0,0,0,0,1,0,1,0,positive
320,0,1,0,1,0,0,0,1,0,1,0,0,0,1,0,1,0,0,0,0,1,0,1,0,positive
321,0,1,0,1,0,0,0,1,0,0,1,0,1,0,0,1,0,0,0,0,1,0,1,0,positive
322,0,1,0,1,0,0,0,1,0,0,0,1,0,0,1,1,0,0,0,0,1,0,1,0,positive
323,0,0,1,1,0,0,0,1,0,0,0,1,1,0,0,1,0,0,0,0,1,0,1,0,positive
324,0,0,1,1,0,0,0,1,0,1,0,0,0,0,1,1,0,0,0,0,1,0,1,0,positive
325,0,1,0,1,0,0,0,1,0,0,1,0,0,1,0,1,0,0,0,0,1,0,1,0,positive
326,0,0,1,1,0,0,0,1,0,0,0,1,0,1,0,1,0,0,0,0,1,0,1,0,positive
327,0,1,0,1,0,0,0,1,0,0,0,1,0,1,0,1,0,0,0,0,1,0,1,0,positive
328,0,0,1,1,0,0,0,1,0,1,0,0,0,1,0,1,0,0,0,0,1,0,1,0,positive
329,1,0,0,1,0,0,0,1,0,0,1,0,0,1,0,1,0,0,1,0,0,0,1,0,positive
330,1,0,0,1,0,0,0,1,0,1,0,0,0,1,0,0,1,0,0,0,1,0,1,0,positive
331,0,0,1,1,0,0,0,1,0,0,0,1,0,1,0,0,1,0,0,0,1,0,1,0,positive
332,1,0,0,1,0,0,0,1,0,0,1,0,0,1,0,0,1,0,0,0,1,0,1,0,positive
333,1,0,0,1,0,0,0,1,0,0,0,1,0,1,0,0,1,0,0,0,1,0,1,0,positive
334,0,0,1,1,0,0,0,1,0,0,1,0,0,1,0,0,1,0,0,0,1,0,1,0,positive
335,1,0,0,1,0,0,0,1,0,0,1,0,0,1,0,0,1,0,1,0,0,0,1,0,positive
336,1,0,0,1,0,0,0,1,0,0,1,0,0,1,0,0,1,0,0,1,0,0,1,0,positive
337,0,1,0,1,0,0,0,1,0,0,0,1,0,1,0,0,0,1,0,0,1,0,1,0,positive
338,0,0,1,1,0,0,0,1,0,1,0,0,0,1,0,0,0,1,0,0,1,0,1,0,positive
339,1,0,0,1,0,0,0,1,0,0,0,1,0,1,0,0,0,1,0,0,1,0,1,0,positive
340,0,0,1,1,0,0,0,1,0,0,1,0,0,1,0,0,0,1,0,0,1,0,1,0,positive
341,1,0,0,1,0,0,0,1,0,1,0,0,0,1,0,0,0,1,0,0,1,0,1,0,positive
342,0,1,0,1,0,0,0,1,0,0,1,0,0,1,0,0,0,1,0,0,1,0,1,0,positive
343,0,0,1,1,0,0,0,1,0,0,0,1,0,1,0,0,0,1,0,0,1,0,1,0,positive
344,1,0,0,1,0,0,0,1,0,0,1,0,0,1,0,0,0,1,1,0,0,0,1,0,positive
345,1,0,0,1,0,0,0,1,0,0,1,0,0,1,0,0,0,1,0,1,0,0,1,0,positive
346,0,1,0,1,0,0,0,1,0,0,0,1,1,0,0,1,0,0,0,0,1,0,0,1,positive
347,0,1,0,1,0,0,0,1,0,1,0,0,0,0,1,1,0,0,0,0,1,0,0,1,positive
348,0,0,1,1,0,0,0,1,0,1,0,0,1,0,0,1,0,0,0,0,1,0,0,1,positive
349,0,1,0,1,0,0,0,1,0,0,0,1,0,1,0,1,0,0,0,0,1,0,0,1,positive
350,0,0,1,1,0,0,0,1,0,1,0,0,0,1,0,1,0,0,0,0,1,0,0,1,positive
351,0,1,0,1,0,0,0,1,0,1,0,0,0,1,0,1,0,0,0,0,1,0,0,1,positive
352,0,0,1,1,0,0,0,1,0,1,0,0,0,1,0,0,1,0,0,0,1,0,0,1,positive
353,1,0,0,1,0,0,0,1,0,0,0,1,0,1,0,0,1,0,0,0,1,0,0,1,positive
354,0,0,1,1,0,0,0,1,0,0,1,0,0,1,0,0,1,0,0,0,1,0,0,1,positive
355,1,0,0,1,0,0,0,1,0,1,0,0,0,1,0,0,1,0,0,0,1,0,0,1,positive
356,0,0,1,1,0,0,0,1,0,0,0,1,0,1,0,0,1,0,0,0,1,0,0,1,positive
357,1,0,0,1,0,0,0,1,0,0,1,0,0,1,0,0,1,0,1,0,0,0,0,1,positive
358,1,0,0,1,0,0,0,1,0,0,1,0,0,1,0,0,1,0,0,1,0,0,0,1,positive
359,0,1,0,1,0,0,0,1,0,1,0,0,0,1,0,0,0,1,0,0,1,0,0,1,positive
360,1,0,0,1,0,0,0,1,0,1,0,0,0,1,0,0,0,1,0,0,1,0,0,1,positive
361,0,1,0,1,0,0,0,1,0,0,1,0,0,1,0,0,0,1,0,0,1,0,0,1,positive
362,0,0,1,1,0,0,0,1,0,0,0,1,0,1,0,0,0,1,0,0,1,0,0,1,positive
363,0,1,0,1,0,0,0,1,0,0,0,1,0,1,0,0,0,1,0,0,1,0,0,1,positive
364,0,0,1,1,0,0,0,1,0,1,0,0,0,1,0,0,0,1,0,0,1,0,0,1,positive
365,1,0,0,1,0,0,0,1,0,0,1,0,0,1,0,0,0,1,1,0,0,0,0,1,positive
366,1,0,0,0,1,0,0,1,0,1,0,0,1,0,0,1,0,0,0,0,1,1,0,0,positive
367,0,1,0,0,1,0,0,1,0,1,0,0,0,1,0,1,0,0,0,0,1,1,0,0,positive
368,0,1,0,0,1,0,0,1,0,0,1,0,1,0,0,1,0,0,0,0,1,1,0,0,positive
369,0,1,0,0,1,0,0,1,0,0,0,1,0,0,1,1,0,0,0,0,1,1,0,0,positive
370,0,0,1,0,1,0,0,1,0,0,0,1,1,0,0,1,0,0,0,0,1,1,0,0,positive
371,0,0,1,0,1,0,0,1,0,1,0,0,0,0,1,1,0,0,0,0,1,1,0,0,positive
372,1,0,0,0,1,0,0,1,0,1,0,0,0,1,0,1,0,0,0,0,1,1,0,0,positive
373,1,0,0,0,1,0,0,1,0,0,1,0,1,0,0,1,0,0,0,0,1,1,0,0,positive
374,1,0,0,0,1,0,0,1,0,0,0,1,0,0,1,1,0,0,0,0,1,1,0,0,positive
375,1,0,0,0,1,0,0,1,0,0,0,1,1,0,0,1,0,0,0,0,1,1,0,0,positive
376,1,0,0,0,1,0,0,1,0,1,0,0,0,0,1,1,0,0,0,0,1,1,0,0,positive
377,0,1,0,0,1,0,0,1,0,0,1,0,0,1,0,1,0,0,1,0,0,1,0,0,positive
378,0,0,1,0,1,0,0,1,0,0,1,0,0,0,1,1,0,0,1,0,0,1,0,0,positive
379,1,0,0,0,1,0,0,1,0,0,1,0,0,1,0,1,0,0,1,0,0,1,0,0,positive
380,0,1,0,0,1,0,0,1,0,0,1,0,0,0,1,1,0,0,0,1,0,1,0,0,positive
381,0,0,1,0,1,0,0,1,0,0,1,0,1,0,0,1,0,0,0,1,0,1,0,0,positive
382,1,0,0,0,1,0,0,1,0,1,0,0,0,1,0,0,1,0,0,0,1,1,0,0,positive
383,1,0,0,0,1,0,0,1,0,0,1,0,1,0,0,0,1,0,0,0,1,1,0,0,positive
384,1,0,0,0,1,0,0,1,0,0,0,1,0,0,1,0,1,0,0,0,1,1,0,0,positive
385,0,0,1,0,1,0,0,1,0,0,1,0,0,0,1,0,1,0,0,0,1,1,0,0,positive
386,1,0,0,0,1,0,0,1,0,0,1,0,0,1,0,0,1,0,0,0,1,1,0,0,positive
387,1,0,0,0,1,0,0,1,0,0,0,1,0,1,0,0,1,0,0,0,1,1,0,0,positive
388,1,0,0,0,1,0,0,1,0,0,1,0,0,0,1,0,1,0,0,0,1,1,0,0,positive
389,1,0,0,0,1,0,0,1,0,0,1,0,0,1,0,0,1,0,1,0,0,1,0,0,positive
390,1,0,0,0,1,0,0,1,0,0,1,0,0,0,1,0,1,0,0,1,0,1,0,0,positive
391,0,0,1,0,1,0,0,1,0,0,1,0,0,1,0,0,1,0,0,1,0,1,0,0,positive
392,1,0,0,0,1,0,0,1,0,0,1,0,0,1,0,0,1,0,0,1,0,1,0,0,positive
393,1,0,0,0,1,0,0,1,0,0,0,1,1,0,0,0,0,1,0,0,1,1,0,0,positive
394,1,0,0,0,1,0,0,1,0,1,0,0,0,0,1,0,0,1,0,0,1,1,0,0,positive
395,0,1,0,0,1,0,0,1,0,0,1,0,0,0,1,0,0,1,0,0,1,1,0,0,positive
396,0,0,1,0,1,0,0,1,0,0,1,0,1,0,0,0,0,1,0,0,1,1,0,0,positive
397,1,0,0,0,1,0,0,1,0,0,0,1,0,1,0,0,0,1,0,0,1,1,0,0,positive
398,1,0,0,0,1,0,0,1,0,0,1,0,0,0,1,0,0,1,0,0,1,1,0,0,positive
399,1,0,0,0,1,0,0,1,0,1,0,0,0,1,0,0,0,1,0,0,1,1,0,0,positive
400,1,0,0,0,1,0,0,1,0,0,1,0,1,0,0,0,0,1,0,0,1,1,0,0,positive
401,1,0,0,0,1,0,0,1,0,0,0,1,0,0,1,0,0,1,0,0,1,1,0,0,positive
402,1,0,0,0,1,0,0,1,0,0,1,0,0,0,1,0,0,1,1,0,0,1,0,0,positive
403,0,0,1,0,1,0,0,1,0,0,1,0,0,1,0,0,0,1,1,0,0,1,0,0,positive
404,1,0,0,0,1,0,0,1,0,0,1,0,0,1,0,0,0,1,1,0,0,1,0,0,positive
405,1,0,0,0,1,0,0,1,0,0,1,0,1,0,0,0,0,1,0,1,0,1,0,0,positive
406,0,1,0,0,1,0,0,1,0,0,1,0,0,1,0,0,0,1,0,1,0,1,0,0,positive
407,0,0,1,0,1,0,0,1,0,0,1,0,0,0,1,0,0,1,0,1,0,1,0,0,positive
408,1,0,0,0,1,0,0,1,0,0,1,0,0,1,0,0,0,1,0,1,0,1,0,0,positive
409,1,0,0,0,1,0,0,1,0,0,0,1,1,0,0,1,0,0,0,0,1,0,0,1,positive
410,1,0,0,0,1,0,0,1,0,1,0,0,0,0,1,1,0,0,0,0,1,0,0,1,positive
411,0,1,0,0,1,0,0,1,0,0,0,1,0,1,0,1,0,0,0,0,1,0,0,1,positive
412,0,1,0,0,1,0,0,1,0,0,1,0,0,0,1,1,0,0,0,0,1,0,0,1,positive
413,0,0,1,0,1,0,0,1,0,1,0,0,0,1,0,1,0,0,0,0,1,0,0,1,positive
414,0,0,1,0,1,0,0,1,0,0,1,0,1,0,0,1,0,0,0,0,1,0,0,1,positive
415,0,0,1,0,1,0,0,1,0,0,0,1,0,0,1,1,0,0,0,0,1,0,0,1,positive
416,1,0,0,0,1,0,0,1,0,0,1,0,0,1,0,1,0,0,1,0,0,0,0,1,positive
417,1,0,0,0,1,0,0,1,0,0,1,0,0,1,0,1,0,0,0,1,0,0,0,1,positive
418,1,0,0,0,1,0,0,1,0,0,1,0,0,1,0,0,1,0,0,0,1,0,0,1,positive
419,1,0,0,0,1,0,0,1,0,0,1,0,0,1,0,0,1,0,0,1,0,0,0,1,positive
420,1,0,0,0,1,0,0,1,0,0,1,0,0,1,0,0,0,1,0,0,1,0,0,1,positive
421,1,0,0,0,1,0,0,1,0,0,1,0,0,1,0,0,0,1,1,0,0,0,0,1,positive
422,1,0,0,0,1,0,0,1,0,0,1,0,0,1,0,0,0,1,0,1,0,0,0,1,positive
423,0,1,0,0,0,1,0,1,0,0,0,1,1,0,0,1,0,0,0,0,1,1,0,0,positive
424,0,1,0,0,0,1,0,1,0,1,0,0,0,0,1,1,0,0,0,0,1,1,0,0,positive
425,0,0,1,0,0,1,0,1,0,1,0,0,1,0,0,1,0,0,0,0,1,1,0,0,positive
426,1,0,0,0,0,1,0,1,0,0,0,1,1,0,0,1,0,0,0,0,1,1,0,0,positive
427,1,0,0,0,0,1,0,1,0,1,0,0,0,0,1,1,0,0,0,0,1,1,0,0,positive
428,1,0,0,0,0,1,0,1,0,1,0,0,1,0,0,1,0,0,0,0,1,1,0,0,positive
429,0,1,0,0,0,1,0,1,0,0,1,0,0,0,1,1,0,0,1,0,0,1,0,0,positive
430,0,0,1,0,0,1,0,1,0,0,1,0,1,0,0,1,0,0,1,0,0,1,0,0,positive
431,0,1,0,0,0,1,0,1,0,0,1,0,1,0,0,1,0,0,0,1,0,1,0,0,positive
432,1,0,0,0,0,1,0,1,0,0,0,1,1,0,0,0,1,0,0,0,1,1,0,0,positive
433,1,0,0,0,0,1,0,1,0,1,0,0,0,0,1,0,1,0,0,0,1,1,0,0,positive
434,0,0,1,0,0,1,0,1,0,0,1,0,1,0,0,0,1,0,0,0,1,1,0,0,positive
435,1,0,0,0,0,1,0,1,0,0,0,1,0,1,0,0,1,0,0,0,1,1,0,0,positive
436,1,0,0,0,0,1,0,1,0,0,1,0,0,0,1,0,1,0,0,0,1,1,0,0,positive
437,1,0,0,0,0,1,0,1,0,1,0,0,0,1,0,0,1,0,0,0,1,1,0,0,positive
438,1,0,0,0,0,1,0,1,0,0,1,0,1,0,0,0,1,0,0,0,1,1,0,0,positive
439,1,0,0,0,0,1,0,1,0,0,0,1,0,0,1,0,1,0,0,0,1,1,0,0,positive
440,1,0,0,0,0,1,0,1,0,0,1,0,0,0,1,0,1,0,1,0,0,1,0,0,positive
441,0,0,1,0,0,1,0,1,0,0,1,0,0,1,0,0,1,0,1,0,0,1,0,0,positive
442,1,0,0,0,0,1,0,1,0,0,1,0,0,1,0,0,1,0,1,0,0,1,0,0,positive
443,1,0,0,0,0,1,0,1,0,0,1,0,1,0,0,0,1,0,0,1,0,1,0,0,positive
444,0,0,1,0,0,1,0,1,0,0,1,0,0,0,1,0,1,0,0,1,0,1,0,0,positive
445,1,0,0,0,0,1,0,1,0,0,1,0,0,1,0,0,1,0,0,1,0,1,0,0,positive
446,1,0,0,0,0,1,0,1,0,1,0,0,1,0,0,0,0,1,0,0,1,1,0,0,positive
447,0,1,0,0,0,1,0,1,0,0,1,0,1,0,0,0,0,1,0,0,1,1,0,0,positive
448,1,0,0,0,0,1,0,1,0,1,0,0,0,1,0,0,0,1,0,0,1,1,0,0,positive
449,1,0,0,0,0,1,0,1,0,0,1,0,1,0,0,0,0,1,0,0,1,1,0,0,positive
450,1,0,0,0,0,1,0,1,0,0,0,1,0,0,1,0,0,1,0,0,1,1,0,0,positive
451,1,0,0,0,0,1,0,1,0,0,0,1,1,0,0,0,0,1,0,0,1,1,0,0,positive
452,1,0,0,0,0,1,0,1,0,1,0,0,0,0,1,0,0,1,0,0,1,1,0,0,positive
453,1,0,0,0,0,1,0,1,0,0,1,0,1,0,0,0,0,1,1,0,0,1,0,0,positive
454,0,1,0,0,0,1,0,1,0,0,1,0,0,1,0,0,0,1,1,0,0,1,0,0,positive
455,0,0,1,0,0,1,0,1,0,0,1,0,0,0,1,0,0,1,1,0,0,1,0,0,positive
456,1,0,0,0,0,1,0,1,0,0,1,0,0,1,0,0,0,1,1,0,0,1,0,0,positive
457,0,1,0,0,0,1,0,1,0,0,1,0,0,0,1,0,0,1,0,1,0,1,0,0,positive
458,0,0,1,0,0,1,0,1,0,0,1,0,1,0,0,0,0,1,0,1,0,1,0,0,positive
459,1,0,0,0,0,1,0,1,0,0,0,1,1,0,0,1,0,0,0,0,1,0,1,0,positive
460,1,0,0,0,0,1,0,1,0,1,0,0,0,0,1,1,0,0,0,0,1,0,1,0,positive
461,0,1,0,0,0,1,0,1,0,0,0,1,0,1,0,1,0,0,0,0,1,0,1,0,positive
462,0,1,0,0,0,1,0,1,0,0,1,0,0,0,1,1,0,0,0,0,1,0,1,0,positive
463,0,0,1,0,0,1,0,1,0,1,0,0,0,1,0,1,0,0,0,0,1,0,1,0,positive
464,0,0,1,0,0,1,0,1,0,0,1,0,1,0,0,1,0,0,0,0,1,0,1,0,positive
465,0,0,1,0,0,1,0,1,0,0,0,1,0,0,1,1,0,0,0,0,1,0,1,0,positive
466,1,0,0,0,0,1,0,1,0,0,1,0,0,1,0,1,0,0,1,0,0,0,1,0,positive
467,1,0,0,0,0,1,0,1,0,0,1,0,0,1,0,1,0,0,0,1,0,0,1,0,positive
468,1,0,0,0,0,1,0,1,0,0,1,0,0,1,0,0,1,0,0,0,1,0,1,0,positive
469,1,0,0,0,0,1,0,1,0,0,1,0,0,1,0,0,1,0,0,1,0,0,1,0,positive
470,1,0,0,0,0,1,0,1,0,0,1,0,0,1,0,0,0,1,0,0,1,0,1,0,positive
471,1,0,0,0,0,1,0,1,0,0,1,0,0,1,0,0,0,1,1,0,0,0,1,0,positive
472,1,0,0,0,0,1,0,1,0,0,1,0,0,1,0,0,0,1,0,1,0,0,1,0,positive
473,1,0,0,0,0,1,0,1,0,1,0,0,1,0,0,1,0,0,0,0,1,0,0,1,positive
474,0,1,0,0,0,1,0,1,0,1,0,0,0,1,0,1,0,0,0,0,1,0,0,1,positive
475,0,1,0,0,0,1,0,1,0,0,1,0,1,0,0,1,0,0,0,0,1,0,0,1,positive
476,0,1,0,0,0,1,0,1,0,0,0,1,0,0,1,1,0,0,0,0,1,0,0,1,positive
477,0,0,1,0,0,1,0,1,0,0,0,1,1,0,0,1,0,0,0,0,1,0,0,1,positive
478,0,0,1,0,0,1,0,1,0,1,0,0,0,0,1,1,0,0,0,0,1,0,0,1,positive
479,1,0,0,0,0,1,0,1,0,0,1,0,0,1,0,1,0,0,1,0,0,0,0,1,positive
480,1,0,0,0,0,1,0,1,0,0,1,0,0,1,0,0,1,0,0,0,1,0,0,1,positive
481,1,0,0,0,0,1,0,1,0,0,1,0,0,1,0,0,1,0,1,0,0,0,0,1,positive
482,1,0,0,0,0,1,0,1,0,0,1,0,0,1,0,0,1,0,0,1,0,0,0,1,positive
483,1,0,0,0,0,1,0,1,0,0,1,0,0,1,0,0,0,1,1,0,0,0,0,1,positive
484,1,0,0,0,0,1,0,1,0,0,1,0,0,1,0,0,0,1,0,1,0,0,0,1,positive
485,1,0,0,1,0,0,0,0,1,0,0,1,1,0,0,0,1,0,0,0,1,1,0,0,positive
486,1,0,0,1,0,0,0,0,1,1,0,0,0,0,1,0,1,0,0,0,1,1,0,0,positive
487,0,1,0,1,0,0,0,0,1,0,0,1,0,1,0,0,1,0,0,0,1,1,0,0,positive
488,0,0,1,1,0,0,0,0,1,1,0,0,0,1,0,0,1,0,0,0,1,1,0,0,positive
489,1,0,0,1,0,0,0,0,1,1,0,0,1,0,0,0,1,0,0,0,1,1,0,0,positive
490,0,1,0,1,0,0,0,0,1,1,0,0,0,1,0,0,1,0,0,0,1,1,0,0,positive
491,0,1,0,1,0,0,0,0,1,0,1,0,0,0,1,0,1,0,1,0,0,1,0,0,positive
492,0,0,1,1,0,0,0,0,1,0,1,0,1,0,0,0,1,0,1,0,0,1,0,0,positive
493,0,1,0,1,0,0,0,0,1,0,1,0,1,0,0,0,1,0,0,1,0,1,0,0,positive
494,1,0,0,1,0,0,0,0,1,1,0,0,1,0,0,0,0,1,0,0,1,1,0,0,positive
495,0,1,0,1,0,0,0,0,1,1,0,0,0,1,0,0,0,1,0,0,1,1,0,0,positive
496,0,1,0,1,0,0,0,0,1,0,1,0,1,0,0,0,0,1,1,0,0,1,0,0,positive
497,0,1,0,1,0,0,0,0,1,0,0,1,1,0,0,1,0,0,0,0,1,0,1,0,positive
498,0,1,0,1,0,0,0,0,1,1,0,0,0,0,1,1,0,0,0,0,1,0,1,0,positive
499,0,0,1,1,0,0,0,0,1,1,0,0,1,0,0,1,0,0,0,0,1,0,1,0,positive
500,0,1,0,1,0,0,0,0,1,0,0,1,0,1,0,1,0,0,0,0,1,0,1,0,positive
501,0,1,0,1,0,0,0,0,1,1,0,0,0,1,0,1,0,0,0,0,1,0,1,0,positive
502,0,1,0,1,0,0,0,0,1,0,0,1,0,1,0,0,1,0,0,0,1,0,1,0,positive
503,0,0,1,1,0,0,0,0,1,1,0,0,0,1,0,0,1,0,0,0,1,0,1,0,positive
504,1,0,0,1,0,0,0,0,1,0,0,1,0,1,0,0,1,0,0,0,1,0,1,0,positive
505,0,0,1,1,0,0,0,0,1,0,1,0,0,1,0,0,1,0,0,0,1,0,1,0,positive
506,1,0,0,1,0,0,0,0,1,1,0,0,0,1,0,0,1,0,0,0,1,0,1,0,positive
507,0,1,0,1,0,0,0,0,1,0,1,0,0,1,0,0,1,0,0,0,1,0,1,0,positive
508,0,0,1,1,0,0,0,0,1,0,0,1,0,1,0,0,1,0,0,0,1,0,1,0,positive
509,1,0,0,1,0,0,0,0,1,0,1,0,0,1,0,0,1,0,1,0,0,0,1,0,positive
510,1,0,0,1,0,0,0,0,1,0,1,0,0,1,0,0,1,0,0,1,0,0,1,0,positive
511,0,1,0,1,0,0,0,0,1,1,0,0,0,1,0,0,0,1,0,0,1,0,1,0,positive
512,0,1,0,1,0,0,0,0,1,0,1,0,0,1,0,0,0,1,0,0,1,0,1,0,positive
513,0,0,1,1,0,0,0,0,1,0,0,1,0,1,0,0,0,1,0,0,1,0,1,0,positive
514,0,1,0,1,0,0,0,0,1,0,0,1,0,1,0,0,0,1,0,0,1,0,1,0,positive
515,0,0,1,1,0,0,0,0,1,1,0,0,0,1,0,0,0,1,0,0,1,0,1,0,positive
516,1,0,0,1,0,0,0,0,1,0,1,0,0,1,0,0,0,1,1,0,0,0,1,0,positive
517,0,1,0,1,0,0,0,0,1,1,0,0,0,1,0,1,0,0,0,0,1,0,0,1,positive
518,0,1,0,1,0,0,0,0,1,1,0,0,0,1,0,0,1,0,0,0,1,0,0,1,positive
519,1,0,0,1,0,0,0,0,1,1,0,0,0,1,0,0,1,0,0,0,1,0,0,1,positive
520,0,1,0,1,0,0,0,0,1,0,1,0,0,1,0,0,1,0,0,0,1,0,0,1,positive
521,0,0,1,1,0,0,0,0,1,0,0,1,0,1,0,0,1,0,0,0,1,0,0,1,positive
522,0,1,0,1,0,0,0,0,1,0,0,1,0,1,0,0,1,0,0,0,1,0,0,1,positive
523,0,0,1,1,0,0,0,0,1,1,0,0,0,1,0,0,1,0,0,0,1,0,0,1,positive
524,0,1,0,1,0,0,0,0,1,0,0,1,0,1,0,0,0,1,0,0,1,0,0,1,positive
525,0,0,1,1,0,0,0,0,1,1,0,0,0,1,0,0,0,1,0,0,1,0,0,1,positive
526,0,1,0,1,0,0,0,0,1,1,0,0,0,1,0,0,0,1,0,0,1,0,0,1,positive
527,0,1,0,0,1,0,0,0,1,0,0,1,1,0,0,1,0,0,0,0,1,1,0,0,positive
528,0,1,0,0,1,0,0,0,1,1,0,0,0,0,1,1,0,0,0,0,1,1,0,0,positive
529,0,0,1,0,1,0,0,0,1,1,0,0,1,0,0,1,0,0,0,0,1,1,0,0,positive
530,1,0,0,0,1,0,0,0,1,0,0,1,1,0,0,1,0,0,0,0,1,1,0,0,positive
531,1,0,0,0,1,0,0,0,1,1,0,0,0,0,1,1,0,0,0,0,1,1,0,0,positive
532,1,0,0,0,1,0,0,0,1,1,0,0,1,0,0,1,0,0,0,0,1,1,0,0,positive
533,0,1,0,0,1,0,0,0,1,0,1,0,0,0,1,1,0,0,1,0,0,1,0,0,positive
534,0,1,0,0,1,0,0,0,1,0,1,0,1,0,0,1,0,0,0,1,0,1,0,0,positive
535,1,0,0,0,1,0,0,0,1,0,0,1,1,0,0,0,1,0,0,0,1,1,0,0,positive
536,1,0,0,0,1,0,0,0,1,1,0,0,0,0,1,0,1,0,0,0,1,1,0,0,positive
537,0,1,0,0,1,0,0,0,1,0,1,0,0,0,1,0,1,0,0,0,1,1,0,0,positive
538,0,0,1,0,1,0,0,0,1,0,1,0,1,0,0,0,1,0,0,0,1,1,0,0,positive
539,1,0,0,0,1,0,0,0,1,0,0,1,0,1,0,0,1,0,0,0,1,1,0,0,positive
540,1,0,0,0,1,0,0,0,1,0,1,0,0,0,1,0,1,0,0,0,1,1,0,0,positive
541,1,0,0,0,1,0,0,0,1,1,0,0,0,1,0,0,1,0,0,0,1,1,0,0,positive
542,1,0,0,0,1,0,0,0,1,0,1,0,1,0,0,0,1,0,0,0,1,1,0,0,positive
543,1,0,0,0,1,0,0,0,1,0,0,1,0,0,1,0,1,0,0,0,1,1,0,0,positive
544,1,0,0,0,1,0,0,0,1,0,1,0,0,0,1,0,1,0,1,0,0,1,0,0,positive
545,0,0,1,0,1,0,0,0,1,0,1,0,0,1,0,0,1,0,1,0,0,1,0,0,positive
546,1,0,0,0,1,0,0,0,1,0,1,0,0,1,0,0,1,0,1,0,0,1,0,0,positive
547,1,0,0,0,1,0,0,0,1,0,1,0,1,0,0,0,1,0,0,1,0,1,0,0,positive
548,0,1,0,0,1,0,0,0,1,0,1,0,0,1,0,0,1,0,0,1,0,1,0,0,positive
549,0,0,1,0,1,0,0,0,1,0,1,0,0,0,1,0,1,0,0,1,0,1,0,0,positive
550,1,0,0,0,1,0,0,0,1,0,1,0,0,1,0,0,1,0,0,1,0,1,0,0,positive
551,1,0,0,0,1,0,0,0,1,1,0,0,1,0,0,0,0,1,0,0,1,1,0,0,positive
552,0,1,0,0,1,0,0,0,1,0,1,0,1,0,0,0,0,1,0,0,1,1,0,0,positive
553,1,0,0,0,1,0,0,0,1,1,0,0,0,1,0,0,0,1,0,0,1,1,0,0,positive
554,1,0,0,0,1,0,0,0,1,0,1,0,1,0,0,0,0,1,0,0,1,1,0,0,positive
555,1,0,0,0,1,0,0,0,1,0,0,1,0,0,1,0,0,1,0,0,1,1,0,0,positive
556,1,0,0,0,1,0,0,0,1,0,0,1,1,0,0,0,0,1,0,0,1,1,0,0,positive
557,1,0,0,0,1,0,0,0,1,1,0,0,0,0,1,0,0,1,0,0,1,1,0,0,positive
558,0,1,0,0,1,0,0,0,1,0,1,0,0,1,0,0,0,1,1,0,0,1,0,0,positive
559,0,0,1,0,1,0,0,0,1,0,1,0,0,0,1,0,0,1,1,0,0,1,0,0,positive
560,1,0,0,0,1,0,0,0,1,0,1,0,0,1,0,0,0,1,1,0,0,1,0,0,positive
561,0,1,0,0,1,0,0,0,1,0,1,0,0,0,1,0,0,1,0,1,0,1,0,0,positive
562,0,0,1,0,1,0,0,0,1,0,1,0,1,0,0,0,0,1,0,1,0,1,0,0,positive
563,1,0,0,0,1,0,0,0,1,0,0,1,1,0,0,1,0,0,0,0,1,0,1,0,positive
564,1,0,0,0,1,0,0,0,1,1,0,0,0,0,1,1,0,0,0,0,1,0,1,0,positive
565,0,1,0,0,1,0,0,0,1,0,0,1,0,1,0,1,0,0,0,0,1,0,1,0,positive
566,0,1,0,0,1,0,0,0,1,0,1,0,0,0,1,1,0,0,0,0,1,0,1,0,positive
567,0,0,1,0,1,0,0,0,1,1,0,0,0,1,0,1,0,0,0,0,1,0,1,0,positive
568,0,0,1,0,1,0,0,0,1,0,1,0,1,0,0,1,0,0,0,0,1,0,1,0,positive
569,0,0,1,0,1,0,0,0,1,0,0,1,0,0,1,1,0,0,0,0,1,0,1,0,positive
570,1,0,0,0,1,0,0,0,1,0,1,0,0,1,0,1,0,0,1,0,0,0,1,0,positive
571,1,0,0,0,1,0,0,0,1,0,1,0,0,1,0,1,0,0,0,1,0,0,1,0,positive
572,1,0,0,0,1,0,0,0,1,0,1,0,0,1,0,0,1,0,0,0,1,0,1,0,positive
573,1,0,0,0,1,0,0,0,1,0,1,0,0,1,0,0,1,0,0,1,0,0,1,0,positive
574,1,0,0,0,1,0,0,0,1,0,1,0,0,1,0,0,0,1,0,0,1,0,1,0,positive
575,1,0,0,0,1,0,0,0,1,0,1,0,0,1,0,0,0,1,1,0,0,0,1,0,positive
576,1,0,0,0,1,0,0,0,1,0,1,0,0,1,0,0,0,1,0,1,0,0,1,0,positive
577,1,0,0,0,1,0,0,0,1,1,0,0,1,0,0,1,0,0,0,0,1,0,0,1,positive
578,0,1,0,0,1,0,0,0,1,1,0,0,0,1,0,1,0,0,0,0,1,0,0,1,positive
579,0,1,0,0,1,0,0,0,1,0,1,0,1,0,0,1,0,0,0,0,1,0,0,1,positive
580,0,1,0,0,1,0,0,0,1,0,0,1,0,0,1,1,0,0,0,0,1,0,0,1,positive
581,0,0,1,0,1,0,0,0,1,0,0,1,1,0,0,1,0,0,0,0,1,0,0,1,positive
582,0,0,1,0,1,0,0,0,1,1,0,0,0,0,1,1,0,0,0,0,1,0,0,1,positive
583,1,0,0,0,1,0,0,0,1,0,1,0,0,1,0,1,0,0,1,0,0,0,0,1,positive
584,1,0,0,0,1,0,0,0,1,0,1,0,0,1,0,0,1,0,0,0,1,0,0,1,positive
585,1,0,0,0,1,0,0,0,1,0,1,0,0,1,0,0,1,0,1,0,0,0,0,1,positive
586,1,0,0,0,1,0,0,0,1,0,1,0,0,1,0,0,1,0,0,1,0,0,0,1,positive
587,1,0,0,0,1,0,0,0,1,0,1,0,0,1,0,0,0,1,1,0,0,0,0,1,positive
588,1,0,0,0,1,0,0,0,1,0,1,0,0,1,0,0,0,1,0,1,0,0,0,1,positive
589,1,0,0,0,0,1,0,0,1,1,0,0,1,0,0,1,0,0,0,0,1,1,0,0,positive
590,0,1,0,0,0,1,0,0,1,0,1,0,1,0,0,1,0,0,1,0,0,1,0,0,positive
591,1,0,0,0,0,1,0,0,1,1,0,0,1,0,0,0,1,0,0,0,1,1,0,0,positive
592,0,1,0,0,0,1,0,0,1,0,1,0,1,0,0,0,1,0,0,0,1,1,0,0,positive
593,1,0,0,0,0,1,0,0,1,1,0,0,0,1,0,0,1,0,0,0,1,1,0,0,positive
594,1,0,0,0,0,1,0,0,1,0,1,0,1,0,0,0,1,0,0,0,1,1,0,0,positive
595,1,0,0,0,0,1,0,0,1,0,0,1,0,0,1,0,1,0,0,0,1,1,0,0,positive
596,1,0,0,0,0,1,0,0,1,0,0,1,1,0,0,0,1,0,0,0,1,1,0,0,positive
597,1,0,0,0,0,1,0,0,1,1,0,0,0,0,1,0,1,0,0,0,1,1,0,0,positive
598,1,0,0,0,0,1,0,0,1,0,1,0,1,0,0,0,1,0,1,0,0,1,0,0,positive
599,0,1,0,0,0,1,0,0,1,0,1,0,0,1,0,0,1,0,1,0,0,1,0,0,positive
600,0,0,1,0,0,1,0,0,1,0,1,0,0,0,1,0,1,0,1,0,0,1,0,0,positive
601,0,1,0,0,0,1,0,0,1,0,1,0,0,0,1,0,1,0,0,1,0,1,0,0,positive
602,0,0,1,0,0,1,0,0,1,0,1,0,1,0,0,0,1,0,0,1,0,1,0,0,positive
603,1,0,0,0,0,1,0,0,1,0,0,1,1,0,0,0,0,1,0,0,1,1,0,0,positive
604,1,0,0,0,0,1,0,0,1,1,0,0,0,0,1,0,0,1,0,0,1,1,0,0,positive
605,1,0,0,0,0,1,0,0,1,1,0,0,1,0,0,0,0,1,0,0,1,1,0,0,positive
606,0,1,0,0,0,1,0,0,1,0,1,0,0,0,1,0,0,1,1,0,0,1,0,0,positive
607,0,0,1,0,0,1,0,0,1,0,1,0,1,0,0,0,0,1,1,0,0,1,0,0,positive
608,0,1,0,0,0,1,0,0,1,0,1,0,1,0,0,0,0,1,0,1,0,1,0,0,positive
609,1,0,0,0,0,1,0,0,1,1,0,0,1,0,0,1,0,0,0,0,1,0,1,0,positive
610,0,1,0,0,0,1,0,0,1,1,0,0,0,1,0,1,0,0,0,0,1,0,1,0,positive
611,0,1,0,0,0,1,0,0,1,0,1,0,1,0,0,1,0,0,0,0,1,0,1,0,positive
612,0,1,0,0,0,1,0,0,1,0,0,1,0,0,1,1,0,0,0,0,1,0,1,0,positive
613,0,0,1,0,0,1,0,0,1,0,0,1,1,0,0,1,0,0,0,0,1,0,1,0,positive
614,0,0,1,0,0,1,0,0,1,1,0,0,0,0,1,1,0,0,0,0,1,0,1,0,positive
615,1,0,0,0,0,1,0,0,1,0,1,0,0,1,0,1,0,0,1,0,0,0,1,0,positive
616,1,0,0,0,0,1,0,0,1,0,1,0,0,1,0,0,1,0,0,0,1,0,1,0,positive
617,1,0,0,0,0,1,0,0,1,0,1,0,0,1,0,0,1,0,1,0,0,0,1,0,positive
618,1,0,0,0,0,1,0,0,1,0,1,0,0,1,0,0,1,0,0,1,0,0,1,0,positive
619,1,0,0,0,0,1,0,0,1,0,1,0,0,1,0,0,0,1,1,0,0,0,1,0,positive
620,1,0,0,0,0,1,0,0,1,0,1,0,0,1,0,0,0,1,0,1,0,0,1,0,positive
621,0,1,0,0,0,1,0,0,1,0,0,1,1,0,0,1,0,0,0,0,1,0,0,1,positive
622,0,1,0,0,0,1,0,0,1,1,0,0,0,0,1,1,0,0,0,0,1,0,0,1,positive
623,0,0,1,0,0,1,0,0,1,1,0,0,1,0,0,1,0,0,0,0,1,0,0,1,positive
624,1,0,0,0,0,1,0,0,1,0,1,0,0,1,0,0,1,0,1,0,0,0,0,1,positive
625,1,0,0,0,0,1,0,0,1,0,1,0,0,1,0,0,1,0,0,1,0,0,0,1,positive
626,1,0,0,0,0,1,0,0,1,0,1,0,0,1,0,0,0,1,1,0,0,0,0,1,positive
627,0,1,0,1,0,0,1,0,0,1,0,0,0,0,1,1,0,0,0,0,1,0,1,0,negative
628,0,0,1,1,0,0,1,0,0,1,0,0,1,0,0,1,0,0,0,0,1,0,1,0,negative
629,0,1,0,1,0,0,1,0,0,1,0,0,1,0,0,1,0,0,0,0,1,0,1,0,negative
630,0,1,0,1,0,0,1,0,0,0,0,1,1,0,0,1,0,0,1,0,0,0,1,0,negative
631,0,1,0,1,0,0,1,0,0,1,0,0,0,0,1,1,0,0,1,0,0,0,1,0,negative
632,0,1,0,1,0,0,1,0,0,0,0,1,0,1,0,1,0,0,1,0,0,0,1,0,negative
633,0,1,0,1,0,0,1,0,0,0,1,0,0,0,1,1,0,0,1,0,0,0,1,0,negative
634,0,0,1,1,0,0,1,0,0,1,0,0,0,1,0,1,0,0,1,0,0,0,1,0,negative
635,0,1,0,1,0,0,1,0,0,1,0,0,0,1,0,1,0,0,1,0,0,0,1,0,negative
636,0,1,0,1,0,0,1,0,0,0,1,0,1,0,0,1,0,0,1,0,0,0,1,0,negative
637,0,1,0,1,0,0,1,0,0,0,0,1,0,0,1,1,0,0,1,0,0,0,1,0,negative
638,0,1,0,1,0,0,1,0,0,1,0,0,1,0,0,1,0,0,0,1,0,0,1,0,negative
639,0,1,0,1,0,0,1,0,0,1,0,0,0,1,0,1,0,0,0,1,0,0,1,0,negative
640,0,0,1,1,0,0,1,0,0,1,0,0,0,0,1,1,0,0,0,1,0,0,1,0,negative
641,1,0,0,1,0,0,1,0,0,1,0,0,0,0,1,0,1,0,0,0,1,0,1,0,negative
642,0,1,0,1,0,0,1,0,0,0,0,1,0,1,0,0,1,0,1,0,0,0,1,0,negative
643,0,1,0,1,0,0,1,0,0,0,1,0,0,0,1,0,1,0,1,0,0,0,1,0,negative
644,1,0,0,1,0,0,1,0,0,0,0,1,0,1,0,0,1,0,1,0,0,0,1,0,negative
645,1,0,0,1,0,0,1,0,0,0,1,0,0,0,1,0,1,0,1,0,0,0,1,0,negative
646,0,0,1,1,0,0,1,0,0,0,1,0,0,1,0,0,1,0,1,0,0,0,1,0,negative
647,0,1,0,1,0,0,1,0,0,0,1,0,0,1,0,0,1,0,1,0,0,0,1,0,negative
648,1,0,0,1,0,0,1,0,0,1,0,0,0,1,0,0,1,0,0,1,0,0,1,0,negative
649,0,1,0,1,0,0,1,0,0,1,0,0,1,0,0,0,0,1,0,0,1,0,1,0,negative
650,1,0,0,1,0,0,1,0,0,1,0,0,1,0,0,0,0,1,0,0,1,0,1,0,negative
651,0,0,1,1,0,0,1,0,0,1,0,0,0,0,1,0,0,1,0,0,1,0,1,0,negative
652,0,1,0,1,0,0,1,0,0,1,0,0,0,1,0,0,0,1,1,0,0,0,1,0,negative
653,0,1,0,1,0,0,1,0,0,0,1,0,1,0,0,0,0,1,1,0,0,0,1,0,negative
654,0,1,0,1,0,0,1,0,0,0,0,1,0,0,1,0,0,1,1,0,0,0,1,0,negative
655,1,0,0,1,0,0,1,0,0,1,0,0,0,1,0,0,0,1,1,0,0,0,1,0,negative
656,0,1,0,1,0,0,1,0,0,0,1,0,0,1,0,0,0,1,1,0,0,0,1,0,negative
657,0,1,0,1,0,0,1,0,0,0,0,1,0,1,0,0,0,1,1,0,0,0,1,0,negative
658,0,1,0,1,0,0,1,0,0,0,1,0,0,0,1,0,0,1,1,0,0,0,1,0,negative
659,1,0,0,1,0,0,1,0,0,1,0,0,0,0,1,0,0,1,0,1,0,0,1,0,negative
660,0,0,1,1,0,0,1,0,0,1,0,0,0,1,0,0,0,1,0,1,0,0,1,0,negative
661,0,1,0,1,0,0,1,0,0,1,0,0,1,0,0,1,0,0,0,0,1,0,0,1,negative
662,0,1,0,1,0,0,1,0,0,1,0,0,1,0,0,1,0,0,1,0,0,0,0,1,negative
663,0,1,0,1,0,0,1,0,0,1,0,0,1,0,0,1,0,0,0,1,0,0,0,1,negative
664,0,1,0,1,0,0,1,0,0,1,0,0,1,0,0,0,1,0,0,0,1,0,0,1,negative
665,1,0,0,1,0,0,1,0,0,1,0,0,0,1,0,0,1,0,1,0,0,0,0,1,negative
666,1,0,0,1,0,0,1,0,0,0,1,0,1,0,0,0,1,0,1,0,0,0,0,1,negative
667,1,0,0,1,0,0,1,0,0,0,0,1,0,0,1,0,1,0,1,0,0,0,0,1,negative
668,0,1,0,1,0,0,1,0,0,0,1,0,0,1,0,0,1,0,1,0,0,0,0,1,negative
669,0,0,1,1,0,0,1,0,0,0,0,1,0,1,0,0,1,0,1,0,0,0,0,1,negative
670,0,0,1,1,0,0,1,0,0,0,1,0,0,0,1,0,1,0,1,0,0,0,0,1,negative
671,0,1,0,1,0,0,1,0,0,1,0,0,1,0,0,0,0,1,0,0,1,0,0,1,negative
672,0,1,0,1,0,0,1,0,0,1,0,0,1,0,0,0,0,1,0,1,0,0,0,1,negative
673,0,1,0,0,1,0,1,0,0,1,0,0,1,0,0,1,0,0,0,0,1,1,0,0,negative
674,0,1,0,0,1,0,1,0,0,0,0,1,1,0,0,1,0,0,1,0,0,1,0,0,negative
675,0,0,1,0,1,0,1,0,0,1,0,0,1,0,0,1,0,0,1,0,0,1,0,0,negative
676,0,0,1,0,1,0,1,0,0,0,1,0,1,0,0,1,0,0,1,0,0,1,0,0,negative
677,0,1,0,0,1,0,1,0,0,0,1,0,1,0,0,1,0,0,1,0,0,1,0,0,negative
678,0,0,1,0,1,0,1,0,0,0,0,1,1,0,0,1,0,0,1,0,0,1,0,0,negative
679,0,1,0,0,1,0,1,0,0,1,0,0,1,0,0,1,0,0,0,1,0,1,0,0,negative
680,1,0,0,0,1,0,1,0,0,0,0,1,1,0,0,0,1,0,1,0,0,1,0,0,negative
681,1,0,0,0,1,0,1,0,0,0,0,1,0,1,0,0,1,0,1,0,0,1,0,0,negative
682,1,0,0,0,1,0,1,0,0,0,1,0,0,0,1,0,1,0,1,0,0,1,0,0,negative
683,0,0,1,0,1,0,1,0,0,0,1,0,0,1,0,0,1,0,1,0,0,1,0,0,negative
684,1,0,0,0,1,0,1,0,0,0,1,0,1,0,0,0,1,0,1,0,0,1,0,0,negative
685,0,1,0,0,1,0,1,0,0,1,0,0,1,0,0,0,0,1,0,0,1,1,0,0,negative
686,1,0,0,0,1,0,1,0,0,1,0,0,1,0,0,0,0,1,1,0,0,1,0,0,negative
687,0,0,1,0,1,0,1,0,0,0,0,1,1,0,0,0,0,1,1,0,0,1,0,0,negative
688,1,0,0,0,1,0,1,0,0,0,1,0,1,0,0,0,0,1,1,0,0,1,0,0,negative
689,1,0,0,0,1,0,1,0,0,0,0,1,1,0,0,0,0,1,1,0,0,1,0,0,negative
690,0,0,1,0,1,0,1,0,0,0,1,0,1,0,0,0,0,1,1,0,0,1,0,0,negative
691,0,0,1,0,1,0,1,0,0,1,0,0,0,1,0,1,0,0,0,0,1,0,1,0,negative
692,0,1,0,0,1,0,1,0,0,0,0,1,0,1,0,1,0,0,1,0,0,0,1,0,negative
693,0,1,0,0,1,0,1,0,0,0,1,0,0,0,1,1,0,0,1,0,0,0,1,0,negative
694,0,0,1,0,1,0,1,0,0,0,1,0,1,0,0,1,0,0,1,0,0,0,1,0,negative
695,0,1,0,0,1,0,1,0,0,0,1,0,0,1,0,1,0,0,1,0,0,0,1,0,negative
696,1,0,0,0,1,0,1,0,0,1,0,0,0,1,0,0,0,1,0,0,1,0,1,0,negative
697,1,0,0,0,1,0,1,0,0,0,1,0,1,0,0,0,0,1,1,0,0,0,1,0,negative
698,0,1,0,0,1,0,1,0,0,0,1,0,0,1,0,0,0,1,1,0,0,0,1,0,negative
699,0,1,0,0,1,0,1,0,0,0,1,0,1,0,0,1,0,0,1,0,0,0,0,1,negative
700,0,0,1,0,1,0,1,0,0,0,0,1,1,0,0,1,0,0,1,0,0,0,0,1,negative
701,0,0,1,0,1,0,1,0,0,0,1,0,1,0,0,1,0,0,1,0,0,0,0,1,negative
702,1,0,0,0,1,0,1,0,0,0,1,0,1,0,0,0,1,0,1,0,0,0,0,1,negative
703,1,0,0,0,1,0,1,0,0,0,0,1,1,0,0,0,0,1,1,0,0,0,0,1,negative
704,0,0,1,0,1,0,1,0,0,0,1,0,1,0,0,0,0,1,1,0,0,0,0,1,negative
705,1,0,0,0,1,0,1,0,0,0,1,0,1,0,0,0,0,1,1,0,0,0,0,1,negative
706,0,1,0,0,0,1,1,0,0,1,0,0,1,0,0,1,0,0,0,0,1,1,0,0,negative
707,0,1,0,0,0,1,1,0,0,1,0,0,1,0,0,1,0,0,1,0,0,1,0,0,negative
708,0,1,0,0,0,1,1,0,0,1,0,0,1,0,0,1,0,0,0,1,0,1,0,0,negative
709,0,1,0,0,0,1,1,0,0,1,0,0,1,0,0,0,1,0,0,0,1,1,0,0,negative
710,1,0,0,0,0,1,1,0,0,1,0,0,0,1,0,0,1,0,1,0,0,1,0,0,negative
711,1,0,0,0,0,1,1,0,0,0,1,0,1,0,0,0,1,0,1,0,0,1,0,0,negative
712,1,0,0,0,0,1,1,0,0,0,0,1,0,0,1,0,1,0,1,0,0,1,0,0,negative
713,0,1,0,0,0,1,1,0,0,0,1,0,0,1,0,0,1,0,1,0,0,1,0,0,negative
714,0,0,1,0,0,1,1,0,0,0,0,1,0,1,0,0,1,0,1,0,0,1,0,0,negative
715,0,0,1,0,0,1,1,0,0,0,1,0,0,0,1,0,1,0,1,0,0,1,0,0,negative
716,0,1,0,0,0,1,1,0,0,1,0,0,1,0,0,0,0,1,0,0,1,1,0,0,negative
717,0,1,0,0,0,1,1,0,0,1,0,0,1,0,0,0,0,1,0,1,0,1,0,0,negative
718,0,1,0,0,0,1,1,0,0,1,0,0,0,1,0,1,0,0,0,0,1,0,1,0,negative
719,0,0,1,0,0,1,1,0,0,1,0,0,0,0,1,1,0,0,0,0,1,0,1,0,negative
720,0,1,0,0,0,1,1,0,0,1,0,0,0,1,0,1,0,0,1,0,0,0,1,0,negative
721,0,1,0,0,0,1,1,0,0,0,1,0,1,0,0,1,0,0,1,0,0,0,1,0,negative
722,0,1,0,0,0,1,1,0,0,0,0,1,0,0,1,1,0,0,1,0,0,0,1,0,negative
723,0,1,0,0,0,1,1,0,0,0,1,0,0,1,0,1,0,0,1,0,0,0,1,0,negative
724,0,1,0,0,0,1,1,0,0,0,0,1,0,1,0,1,0,0,1,0,0,0,1,0,negative
725,0,1,0,0,0,1,1,0,0,0,1,0,0,0,1,1,0,0,1,0,0,0,1,0,negative
726,0,0,1,0,0,1,1,0,0,1,0,0,0,1,0,1,0,0,0,1,0,0,1,0,negative
727,1,0,0,0,0,1,1,0,0,1,0,0,0,1,0,0,1,0,0,0,1,0,1,0,negative
728,0,1,0,0,0,1,1,0,0,0,1,0,0,1,0,0,1,0,1,0,0,0,1,0,negative
729,1,0,0,0,0,1,1,0,0,1,0,0,0,0,1,0,0,1,0,0,1,0,1,0,negative
730,0,0,1,0,0,1,1,0,0,1,0,0,0,1,0,0,0,1,0,0,1,0,1,0,negative
731,0,1,0,0,0,1,1,0,0,0,0,1,0,1,0,0,0,1,1,0,0,0,1,0,negative
732,0,1,0,0,0,1,1,0,0,0,1,0,0,0,1,0,0,1,1,0,0,0,1,0,negative
733,0,1,0,0,0,1,1,0,0,0,1,0,0,1,0,0,0,1,1,0,0,0,1,0,negative
734,1,0,0,0,0,1,1,0,0,1,0,0,0,1,0,0,0,1,0,1,0,0,1,0,negative
735,0,1,0,0,0,1,1,0,0,1,0,0,1,0,0,1,0,0,0,0,1,0,0,1,negative
736,0,1,0,0,0,1,1,0,0,1,0,0,1,0,0,1,0,0,0,1,0,0,0,1,negative
737,1,0,0,0,0,1,1,0,0,0,0,1,0,1,0,0,1,0,1,0,0,0,0,1,negative
738,1,0,0,0,0,1,1,0,0,0,1,0,0,0,1,0,1,0,1,0,0,0,0,1,negative
739,0,0,1,0,0,1,1,0,0,0,1,0,0,1,0,0,1,0,1,0,0,0,0,1,negative
740,0,1,0,0,0,1,1,0,0,1,0,0,1,0,0,0,0,1,0,0,1,0,0,1,negative
741,0,1,0,1,0,0,0,1,0,1,0,0,1,0,0,1,0,0,0,0,1,1,0,0,negative
742,0,1,0,1,0,0,0,1,0,1,0,0,0,0,1,1,0,0,1,0,0,1,0,0,negative
743,0,0,1,1,0,0,0,1,0,1,0,0,1,0,0,1,0,0,1,0,0,1,0,0,negative
744,1,0,0,1,0,0,0,1,0,1,0,0,0,0,1,1,0,0,1,0,0,1,0,0,negative
745,0,0,1,1,0,0,0,1,0,1,0,0,0,1,0,1,0,0,1,0,0,1,0,0,negative
746,1,0,0,1,0,0,0,1,0,1,0,0,1,0,0,1,0,0,1,0,0,1,0,0,negative
747,0,1,0,1,0,0,0,1,0,1,0,0,0,1,0,1,0,0,1,0,0,1,0,0,negative
748,0,0,1,1,0,0,0,1,0,1,0,0,0,0,1,1,0,0,1,0,0,1,0,0,negative
749,0,1,0,1,0,0,0,1,0,1,0,0,1,0,0,1,0,0,0,1,0,1,0,0,negative
750,0,1,0,1,0,0,0,1,0,0,0,1,1,0,0,0,1,0,0,0,1,1,0,0,negative
751,0,1,0,1,0,0,0,1,0,1,0,0,0,0,1,0,1,0,0,0,1,1,0,0,negative
752,0,1,0,1,0,0,0,1,0,0,1,0,0,0,1,0,1,0,0,0,1,1,0,0,negative
753,0,1,0,1,0,0,0,1,0,0,1,0,1,0,0,0,1,0,0,0,1,1,0,0,negative
754,0,1,0,1,0,0,0,1,0,0,0,1,0,0,1,0,1,0,0,0,1,1,0,0,negative
755,1,0,0,1,0,0,0,1,0,1,0,0,0,0,1,0,1,0,1,0,0,1,0,0,negative
756,0,1,0,1,0,0,0,1,0,0,0,1,0,1,0,0,1,0,1,0,0,1,0,0,negative
757,0,0,1,1,0,0,0,1,0,1,0,0,0,1,0,0,1,0,1,0,0,1,0,0,negative
758,1,0,0,1,0,0,0,1,0,0,0,1,0,1,0,0,1,0,1,0,0,1,0,0,negative
759,1,0,0,1,0,0,0,1,0,0,1,0,0,0,1,0,1,0,1,0,0,1,0,0,negative
760,0,0,1,1,0,0,0,1,0,0,1,0,0,1,0,0,1,0,1,0,0,1,0,0,negative
761,1,0,0,1,0,0,0,1,0,1,0,0,0,1,0,0,1,0,1,0,0,1,0,0,negative
762,0,1,0,1,0,0,0,1,0,0,1,0,0,1,0,0,1,0,1,0,0,1,0,0,negative
763,0,1,0,1,0,0,0,1,0,1,0,0,0,1,0,0,1,0,0,1,0,1,0,0,negative
764,0,1,0,1,0,0,0,1,0,0,0,1,0,0,1,0,1,0,0,1,0,1,0,0,negative
765,0,1,0,1,0,0,0,1,0,0,1,0,0,1,0,0,1,0,0,1,0,1,0,0,negative
766,0,1,0,1,0,0,0,1,0,0,0,1,0,1,0,0,1,0,0,1,0,1,0,0,negative
767,0,1,0,1,0,0,0,1,0,0,1,0,0,0,1,0,1,0,0,1,0,1,0,0,negative
768,0,1,0,1,0,0,0,1,0,1,0,0,1,0,0,0,0,1,0,0,1,1,0,0,negative
769,1,0,0,1,0,0,0,1,0,1,0,0,1,0,0,0,0,1,1,0,0,1,0,0,negative
770,0,1,0,1,0,0,0,1,0,1,0,0,0,1,0,0,0,1,1,0,0,1,0,0,negative
771,0,0,1,1,0,0,0,1,0,1,0,0,0,0,1,0,0,1,1,0,0,1,0,0,negative
772,1,0,0,1,0,0,0,1,0,1,0,0,0,1,0,0,0,1,1,0,0,1,0,0,negative
773,1,0,0,1,0,0,0,1,0,1,0,0,0,0,1,0,0,1,1,0,0,1,0,0,negative
774,0,0,1,1,0,0,0,1,0,1,0,0,0,1,0,0,0,1,1,0,0,1,0,0,negative
775,1,0,0,1,0,0,0,1,0,1,0,0,0,0,1,1,0,0,0,0,1,0,1,0,negative
776,1,0,0,1,0,0,0,1,0,1,0,0,0,0,1,1,0,0,1,0,0,0,1,0,negative
777,0,1,0,1,0,0,0,1,0,0,0,1,0,1,0,1,0,0,1,0,0,0,1,0,negative
778,0,1,0,1,0,0,0,1,0,0,1,0,0,0,1,1,0,0,1,0,0,0,1,0,negative
779,0,0,1,1,0,0,0,1,0,1,0,0,0,1,0,1,0,0,1,0,0,0,1,0,negative
780,1,0,0,1,0,0,0,1,0,1,0,0,0,1,0,1,0,0,1,0,0,0,1,0,negative
781,0,1,0,1,0,0,0,1,0,0,1,0,0,1,0,1,0,0,1,0,0,0,1,0,negative
782,1,0,0,1,0,0,0,1,0,1,0,0,0,1,0,1,0,0,0,1,0,0,1,0,negative
783,0,1,0,1,0,0,0,1,0,0,1,0,0,0,1,0,1,0,0,0,1,0,1,0,negative
784,0,1,0,1,0,0,0,1,0,0,1,0,0,1,0,0,1,0,0,1,0,0,1,0,negative
785,1,0,0,1,0,0,0,1,0,1,0,0,0,1,0,0,0,1,1,0,0,0,1,0,negative
786,0,1,0,1,0,0,0,1,0,0,1,0,0,1,0,0,0,1,1,0,0,0,1,0,negative
787,1,0,0,1,0,0,0,1,0,1,0,0,1,0,0,1,0,0,1,0,0,0,0,1,negative
788,0,1,0,1,0,0,0,1,0,1,0,0,0,1,0,1,0,0,1,0,0,0,0,1,negative
789,0,0,1,1,0,0,0,1,0,1,0,0,0,0,1,1,0,0,1,0,0,0,0,1,negative
790,1,0,0,1,0,0,0,1,0,1,0,0,0,1,0,1,0,0,1,0,0,0,0,1,negative
791,1,0,0,1,0,0,0,1,0,1,0,0,0,0,1,1,0,0,1,0,0,0,0,1,negative
792,0,0,1,1,0,0,0,1,0,1,0,0,0,1,0,1,0,0,1,0,0,0,0,1,negative
793,0,1,0,1,0,0,0,1,0,0,1,0,1,0,0,0,1,0,0,0,1,0,0,1,negative
794,0,1,0,1,0,0,0,1,0,0,0,1,0,0,1,0,1,0,0,0,1,0,0,1,negative
795,0,1,0,1,0,0,0,1,0,0,1,0,0,0,1,0,1,0,0,0,1,0,0,1,negative
796,1,0,0,1,0,0,0,1,0,1,0,0,0,1,0,0,1,0,1,0,0,0,0,1,negative
797,0,1,0,1,0,0,0,1,0,0,1,0,0,1,0,0,1,0,1,0,0,0,0,1,negative
798,0,1,0,1,0,0,0,1,0,0,0,1,0,1,0,0,1,0,0,1,0,0,0,1,negative
799,0,1,0,1,0,0,0,1,0,0,1,0,0,0,1,0,1,0,0,1,0,0,0,1,negative
800,0,1,0,1,0,0,0,1,0,0,1,0,0,1,0,0,1,0,0,1,0,0,0,1,negative
801,1,0,0,1,0,0,0,1,0,1,0,0,0,0,1,0,0,1,1,0,0,0,0,1,negative
802,0,0,1,1,0,0,0,1,0,1,0,0,0,1,0,0,0,1,1,0,0,0,0,1,negative
803,1,0,0,1,0,0,0,1,0,1,0,0,0,1,0,0,0,1,1,0,0,0,0,1,negative
804,1,0,0,0,1,0,0,1,0,0,0,1,1,0,0,1,0,0,1,0,0,1,0,0,negative
805,1,0,0,0,1,0,0,1,0,1,0,0,0,0,1,1,0,0,1,0,0,1,0,0,negative
806,0,0,1,0,1,0,0,1,0,1,0,0,0,1,0,1,0,0,1,0,0,1,0,0,negative
807,1,0,0,0,1,0,0,1,0,1,0,0,0,1,0,1,0,0,1,0,0,1,0,0,negative
808,1,0,0,0,1,0,0,1,0,0,1,0,1,0,0,1,0,0,1,0,0,1,0,0,negative
809,0,1,0,0,1,0,0,1,0,0,0,1,0,1,0,0,1,0,0,0,1,1,0,0,negative
810,0,1,0,0,1,0,0,1,0,0,1,0,0,1,0,0,1,0,0,0,1,1,0,0,negative
811,1,0,0,0,1,0,0,1,0,1,0,0,0,1,0,0,0,1,1,0,0,1,0,0,negative
812,1,0,0,0,1,0,0,1,0,0,0,1,0,1,0,1,0,0,0,0,1,0,1,0,negative
813,1,0,0,0,1,0,0,1,0,0,1,0,0,0,1,1,0,0,0,0,1,0,1,0,negative
814,0,0,1,0,1,0,0,1,0,0,1,0,0,1,0,1,0,0,0,0,1,0,1,0,negative
815,1,0,0,0,1,0,0,1,0,1,0,0,0,1,0,1,0,0,0,0,1,0,1,0,negative
816,1,0,0,0,1,0,0,1,0,0,1,0,1,0,0,1,0,0,0,0,1,0,1,0,negative
817,1,0,0,0,1,0,0,1,0,0,0,1,0,0,1,1,0,0,0,0,1,0,1,0,negative
818,0,1,0,0,1,0,0,1,0,0,1,0,0,1,0,1,0,0,0,0,1,0,1,0,negative
819,0,0,1,0,1,0,0,1,0,0,0,1,0,1,0,1,0,0,0,0,1,0,1,0,negative
820,0,0,1,0,1,0,0,1,0,0,1,0,0,0,1,1,0,0,0,0,1,0,1,0,negative
821,1,0,0,0,1,0,0,1,0,0,0,1,0,1,0,1,0,0,1,0,0,0,1,0,negative
822,1,0,0,0,1,0,0,1,0,0,1,0,0,0,1,1,0,0,1,0,0,0,1,0,negative
823,0,0,1,0,1,0,0,1,0,0,1,0,0,1,0,1,0,0,1,0,0,0,1,0,negative
824,1,0,0,0,1,0,0,1,0,1,0,0,0,1,0,1,0,0,0,1,0,0,1,0,negative
825,1,0,0,0,1,0,0,1,0,0,1,0,1,0,0,1,0,0,0,1,0,0,1,0,negative
826,1,0,0,0,1,0,0,1,0,0,0,1,0,0,1,1,0,0,0,1,0,0,1,0,negative
827,0,1,0,0,1,0,0,1,0,0,1,0,0,1,0,1,0,0,0,1,0,0,1,0,negative
828,0,0,1,0,1,0,0,1,0,0,0,1,0,1,0,1,0,0,0,1,0,0,1,0,negative
829,0,0,1,0,1,0,0,1,0,0,1,0,0,0,1,1,0,0,0,1,0,0,1,0,negative
830,1,0,0,0,1,0,0,1,0,0,0,1,0,1,0,1,0,0,0,1,0,0,1,0,negative
831,1,0,0,0,1,0,0,1,0,0,1,0,0,0,1,1,0,0,0,1,0,0,1,0,negative
832,0,0,1,0,1,0,0,1,0,0,1,0,0,1,0,1,0,0,0,1,0,0,1,0,negative
833,1,0,0,0,1,0,0,1,0,0,0,1,0,1,0,0,1,0,0,0,1,0,1,0,negative
834,1,0,0,0,1,0,0,1,0,0,1,0,0,0,1,0,1,0,0,0,1,0,1,0,negative
835,0,0,1,0,1,0,0,1,0,0,1,0,0,1,0,0,1,0,0,0,1,0,1,0,negative
836,1,0,0,0,1,0,0,1,0,1,0,0,0,1,0,0,0,1,0,0,1,0,1,0,negative
837,1,0,0,0,1,0,0,1,0,0,1,0,1,0,0,0,0,1,0,0,1,0,1,0,negative
838,1,0,0,0,1,0,0,1,0,0,0,1,0,0,1,0,0,1,0,0,1,0,1,0,negative
839,0,1,0,0,1,0,0,1,0,0,1,0,0,1,0,0,0,1,0,0,1,0,1,0,negative
840,0,0,1,0,1,0,0,1,0,0,0,1,0,1,0,0,0,1,0,0,1,0,1,0,negative
841,0,0,1,0,1,0,0,1,0,0,1,0,0,0,1,0,0,1,0,0,1,0,1,0,negative
842,1,0,0,0,1,0,0,1,0,0,0,1,0,1,0,0,0,1,0,0,1,0,1,0,negative
843,1,0,0,0,1,0,0,1,0,0,1,0,0,0,1,0,0,1,0,0,1,0,1,0,negative
844,0,0,1,0,1,0,0,1,0,0,1,0,0,1,0,0,0,1,0,0,1,0,1,0,negative
845,1,0,0,0,1,0,0,1,0,0,0,1,0,1,0,0,0,1,0,1,0,0,1,0,negative
846,1,0,0,0,1,0,0,1,0,0,1,0,0,0,1,0,0,1,0,1,0,0,1,0,negative
847,0,0,1,0,1,0,0,1,0,0,1,0,0,1,0,0,0,1,0,1,0,0,1,0,negative
848,1,0,0,0,1,0,0,1,0,1,0,0,0,1,0,1,0,0,1,0,0,0,0,1,negative
849,1,0,0,0,1,0,0,1,0,0,1,0,1,0,0,1,0,0,1,0,0,0,0,1,negative
850,0,1,0,0,1,0,0,1,0,0,1,0,0,1,0,0,1,0,0,0,1,0,0,1,negative
851,1,0,0,0,0,1,0,1,0,1,0,0,1,0,0,1,0,0,1,0,0,1,0,0,negative
852,0,1,0,0,0,1,0,1,0,1,0,0,0,1,0,1,0,0,1,0,0,1,0,0,negative
853,0,0,1,0,0,1,0,1,0,1,0,0,0,0,1,1,0,0,1,0,0,1,0,0,negative
854,1,0,0,0,0,1,0,1,0,1,0,0,0,1,0,1,0,0,1,0,0,1,0,0,negative
855,1,0,0,0,0,1,0,1,0,1,0,0,0,0,1,1,0,0,1,0,0,1,0,0,negative
856,0,0,1,0,0,1,0,1,0,1,0,0,0,1,0,1,0,0,1,0,0,1,0,0,negative
857,0,1,0,0,0,1,0,1,0,1,0,0,0,1,0,0,1,0,0,0,1,1,0,0,negative
858,0,1,0,0,0,1,0,1,0,0,0,1,0,0,1,0,1,0,0,0,1,1,0,0,negative
859,0,1,0,0,0,1,0,1,0,0,1,0,0,1,0,0,1,0,0,0,1,1,0,0,negative
860,0,1,0,0,0,1,0,1,0,0,0,1,0,1,0,0,1,0,0,0,1,1,0,0,negative
861,0,1,0,0,0,1,0,1,0,0,1,0,0,0,1,0,1,0,0,0,1,1,0,0,negative
862,1,0,0,0,0,1,0,1,0,1,0,0,0,1,0,0,1,0,1,0,0,1,0,0,negative
863,0,1,0,0,0,1,0,1,0,0,0,1,0,1,0,0,1,0,0,1,0,1,0,0,negative
864,0,1,0,0,0,1,0,1,0,0,1,0,0,1,0,0,1,0,0,1,0,1,0,0,negative
865,1,0,0,0,0,1,0,1,0,1,0,0,0,0,1,0,0,1,1,0,0,1,0,0,negative
866,0,0,1,0,0,1,0,1,0,1,0,0,0,1,0,0,0,1,1,0,0,1,0,0,negative
867,1,0,0,0,0,1,0,1,0,1,0,0,0,1,0,0,0,1,1,0,0,1,0,0,negative
868,1,0,0,0,0,1,0,1,0,1,0,0,0,1,0,1,0,0,0,0,1,0,1,0,negative
869,1,0,0,0,0,1,0,1,0,1,0,0,0,1,0,1,0,0,1,0,0,0,1,0,negative
870,0,1,0,0,0,1,0,1,0,0,1,0,0,1,0,1,0,0,1,0,0,0,1,0,negative
871,0,1,0,0,0,1,0,1,0,0,1,0,0,1,0,0,1,0,0,0,1,0,1,0,negative
872,1,0,0,0,0,1,0,1,0,1,0,0,0,0,1,1,0,0,1,0,0,0,0,1,negative
873,0,0,1,0,0,1,0,1,0,1,0,0,0,1,0,1,0,0,1,0,0,0,0,1,negative
874,1,0,0,0,0,1,0,1,0,1,0,0,0,1,0,1,0,0,1,0,0,0,0,1,negative
875,0,1,0,0,0,1,0,1,0,0,0,1,0,1,0,0,1,0,0,0,1,0,0,1,negative
876,0,1,0,0,0,1,0,1,0,0,1,0,0,0,1,0,1,0,0,0,1,0,0,1,negative
877,0,1,0,0,0,1,0,1,0,0,1,0,0,1,0,0,1,0,0,0,1,0,0,1,negative
878,0,1,0,0,0,1,0,1,0,0,1,0,0,1,0,0,1,0,0,1,0,0,0,1,negative
879,1,0,0,0,0,1,0,1,0,1,0,0,0,1,0,0,0,1,1,0,0,0,0,1,negative
880,0,1,0,1,0,0,0,0,1,1,0,0,1,0,0,1,0,0,0,0,1,1,0,0,negative
881,0,1,0,1,0,0,0,0,1,1,0,0,1,0,0,1,0,0,1,0,0,1,0,0,negative
882,0,1,0,1,0,0,0,0,1,1,0,0,1,0,0,1,0,0,0,1,0,1,0,0,negative
883,0,1,0,1,0,0,0,0,1,1,0,0,1,0,0,0,1,0,0,0,1,1,0,0,negative
884,1,0,0,1,0,0,0,0,1,1,0,0,0,1,0,0,1,0,1,0,0,1,0,0,negative
885,1,0,0,1,0,0,0,0,1,0,1,0,1,0,0,0,1,0,1,0,0,1,0,0,negative
886,1,0,0,1,0,0,0,0,1,0,0,1,0,0,1,0,1,0,1,0,0,1,0,0,negative
887,0,1,0,1,0,0,0,0,1,0,1,0,0,1,0,0,1,0,1,0,0,1,0,0,negative
888,0,0,1,1,0,0,0,0,1,0,0,1,0,1,0,0,1,0,1,0,0,1,0,0,negative
889,0,0,1,1,0,0,0,0,1,0,1,0,0,0,1,0,1,0,1,0,0,1,0,0,negative
890,0,1,0,1,0,0,0,0,1,1,0,0,1,0,0,0,0,1,0,0,1,1,0,0,negative
891,0,1,0,1,0,0,0,0,1,1,0,0,1,0,0,0,0,1,0,1,0,1,0,0,negative
892,1,0,0,1,0,0,0,0,1,1,0,0,1,0,0,1,0,0,0,0,1,0,1,0,negative
893,0,0,1,1,0,0,0,0,1,1,0,0,0,0,1,1,0,0,0,0,1,0,1,0,negative
894,0,1,0,1,0,0,0,0,1,1,0,0,0,1,0,1,0,0,1,0,0,0,1,0,negative
895,0,1,0,1,0,0,0,0,1,0,1,0,1,0,0,1,0,0,1,0,0,0,1,0,negative
896,0,1,0,1,0,0,0,0,1,0,0,1,0,0,1,1,0,0,1,0,0,0,1,0,negative
897,1,0,0,1,0,0,0,0,1,1,0,0,0,1,0,1,0,0,1,0,0,0,1,0,negative
898,0,1,0,1,0,0,0,0,1,0,1,0,0,1,0,1,0,0,1,0,0,0,1,0,negative
899,0,1,0,1,0,0,0,0,1,0,0,1,0,1,0,1,0,0,1,0,0,0,1,0,negative
900,0,1,0,1,0,0,0,0,1,0,1,0,0,0,1,1,0,0,1,0,0,0,1,0,negative
901,1,0,0,1,0,0,0,0,1,1,0,0,0,0,1,1,0,0,0,1,0,0,1,0,negative
902,0,0,1,1,0,0,0,0,1,1,0,0,0,1,0,1,0,0,0,1,0,0,1,0,negative
903,0,1,0,1,0,0,0,0,1,0,1,0,0,1,0,0,1,0,1,0,0,0,1,0,negative
904,1,0,0,1,0,0,0,0,1,1,0,0,0,0,1,0,0,1,0,0,1,0,1,0,negative
905,0,1,0,1,0,0,0,0,1,0,0,1,0,1,0,0,0,1,1,0,0,0,1,0,negative
906,0,1,0,1,0,0,0,0,1,0,1,0,0,0,1,0,0,1,1,0,0,0,1,0,negative
907,0,1,0,1,0,0,0,0,1,0,1,0,0,1,0,0,0,1,1,0,0,0,1,0,negative
908,1,0,0,1,0,0,0,0,1,1,0,0,0,1,0,0,0,1,0,1,0,0,1,0,negative
909,0,1,0,1,0,0,0,0,1,1,0,0,1,0,0,1,0,0,0,0,1,0,0,1,negative
910,0,1,0,1,0,0,0,0,1,1,0,0,1,0,0,1,0,0,0,1,0,0,0,1,negative
911,1,0,0,1,0,0,0,0,1,0,0,1,0,1,0,0,1,0,1,0,0,0,0,1,negative
912,1,0,0,1,0,0,0,0,1,0,1,0,0,0,1,0,1,0,1,0,0,0,0,1,negative
913,0,0,1,1,0,0,0,0,1,0,1,0,0,1,0,0,1,0,1,0,0,0,0,1,negative
914,0,1,0,1,0,0,0,0,1,1,0,0,1,0,0,0,0,1,0,0,1,0,0,1,negative
915,1,0,0,0,1,0,0,0,1,1,0,0,1,0,0,1,0,0,1,0,0,1,0,0,negative
916,0,0,1,0,1,0,0,0,1,0,0,1,1,0,0,1,0,0,1,0,0,1,0,0,negative
917,1,0,0,0,1,0,0,0,1,0,1,0,1,0,0,1,0,0,1,0,0,1,0,0,negative
918,1,0,0,0,1,0,0,0,1,0,0,1,1,0,0,1,0,0,1,0,0,1,0,0,negative
919,0,0,1,0,1,0,0,0,1,0,1,0,1,0,0,1,0,0,1,0,0,1,0,0,negative
920,1,0,0,0,1,0,0,0,1,0,0,1,1,0,0,0,0,1,1,0,0,1,0,0,negative
921,1,0,0,0,1,0,0,0,1,0,1,0,1,0,0,0,0,1,1,0,0,1,0,0,negative
922,1,0,0,0,1,0,0,0,1,1,0,0,0,1,0,1,0,0,0,0,1,0,1,0,negative
923,1,0,0,0,1,0,0,0,1,0,1,0,1,0,0,1,0,0,1,0,0,0,1,0,negative
924,0,1,0,0,1,0,0,0,1,0,1,0,0,1,0,1,0,0,1,0,0,0,1,0,negative
925,1,0,0,0,1,0,0,0,1,0,0,1,1,0,0,1,0,0,1,0,0,0,0,1,negative
926,0,0,1,0,1,0,0,0,1,0,1,0,1,0,0,1,0,0,1,0,0,0,0,1,negative
927,1,0,0,0,1,0,0,0,1,0,1,0,1,0,0,1,0,0,1,0,0,0,0,1,negative
928,1,0,0,0,1,0,0,0,1,0,1,0,1,0,0,0,0,1,1,0,0,0,0,1,negative
929,0,1,0,0,0,1,0,0,1,1,0,0,1,0,0,1,0,0,0,0,1,1,0,0,negative
930,0,1,0,0,0,1,0,0,1,1,0,0,1,0,0,1,0,0,0,1,0,1,0,0,negative
931,1,0,0,0,0,1,0,0,1,0,0,1,0,1,0,0,1,0,1,0,0,1,0,0,negative
932,1,0,0,0,0,1,0,0,1,0,1,0,0,0,1,0,1,0,1,0,0,1,0,0,negative
933,0,0,1,0,0,1,0,0,1,0,1,0,0,1,0,0,1,0,1,0,0,1,0,0,negative
934,0,1,0,0,0,1,0,0,1,1,0,0,1,0,0,0,0,1,0,0,1,1,0,0,negative
935,1,0,0,0,0,1,0,0,1,1,0,0,0,0,1,1,0,0,0,0,1,0,1,0,negative
936,0,0,1,0,0,1,0,0,1,1,0,0,0,1,0,1,0,0,0,0,1,0,1,0,negative
937,0,1,0,0,0,1,0,0,1,0,0,1,0,1,0,1,0,0,1,0,0,0,1,0,negative
938,0,1,0,0,0,1,0,0,1,0,1,0,0,0,1,1,0,0,1,0,0,0,1,0,negative
939,0,1,0,0,0,1,0,0,1,0,1,0,0,1,0,1,0,0,1,0,0,0,1,0,negative
940,1,0,0,0,0,1,0,0,1,1,0,0,0,1,0,1,0,0,0,1,0,0,1,0,negative
941,1,0,0,0,0,1,0,0,1,1,0,0,0,1,0,0,0,1,0,0,1,0,1,0,negative
942,0,1,0,0,0,1,0,0,1,0,1,0,0,1,0,0,0,1,1,0,0,0,1,0,negative
943,1,0,0,1,0,0,1,0,0,1,0,0,1,0,0,0,1,0,0,0,1,0,1,0,negative
944,1,0,0,1,0,0,1,0,0,1,0,0,0,1,0,0,1,0,1,0,0,0,1,0,negative
945,1,0,0,1,0,0,1,0,0,0,1,0,1,0,0,0,1,0,1,0,0,0,1,0,negative
946,0,1,0,0,1,0,1,0,0,1,0,0,0,1,0,1,0,0,0,0,1,1,0,0,negative
947,0,1,0,0,1,0,1,0,0,1,0,0,0,1,0,1,0,0,1,0,0,1,0,0,negative
948,0,1,0,0,1,0,1,0,0,0,1,0,0,1,0,1,0,0,1,0,0,1,0,0,negative
949,0,1,0,0,1,0,1,0,0,1,0,0,0,1,0,0,1,0,0,0,1,1,0,0,negative
950,1,0,0,0,1,0,1,0,0,1,0,0,0,1,0,0,1,0,1,0,0,1,0,0,negative
951,1,0,0,0,1,0,1,0,0,1,0,0,0,1,0,0,1,0,0,0,1,0,1,0,negative
952,0,1,0,1,0,0,0,1,0,0,1,0,1,0,0,1,0,0,0,0,1,1,0,0,negative
953,1,0,0,1,0,0,0,1,0,0,1,0,1,0,0,1,0,0,1,0,0,1,0,0,negative
954,0,1,0,1,0,0,0,1,0,0,1,0,0,1,0,1,0,0,1,0,0,1,0,0,negative
955,1,0,0,1,0,0,0,1,0,0,1,0,1,0,0,1,0,0,0,0,1,0,1,0,negative
956,1,0,0,1,0,0,0,1,0,0,1,0,1,0,0,1,0,0,1,0,0,0,1,0,negative
957,1,0,0,1,0,0,0,1,0,0,1,0,1,0,0,0,1,0,0,0,1,0,1,0,negative
958,0,1,0,0,1,0,0,1,0,0,1,0,0,1,0,1,0,0,0,0,1,1,0,0,negative
