Row Number,Matched Rules,0,1,2
2,"({'Rule': '(changes_in_node > 2.5) && (no_of_nodes_in <= 3.5) && (block_of_affere > 1.5) => 2', 'Rule Length': 3},)","{'Rule': '(changes_in_node > 2.5) && (no_of_nodes_in <= 3.5) && (block_of_affere > 1.5) => 2', 'Rule Length': 3}",,
3,"({'Rule': '(changes_in_node > 2.5) && (no_of_nodes_in <= 3.5) && (block_of_affere > 1.5) => 2', 'Rule Length': 3},)","{'Rule': '(changes_in_node > 2.5) && (no_of_nodes_in <= 3.5) && (block_of_affere > 1.5) => 2', 'Rule Length': 3}",,
4,"({'Rule': '(changes_in_node > 2.5) && (no_of_nodes_in <= 3.5) && (block_of_affere > 1.5) => 2', 'Rule Length': 3},)","{'Rule': '(changes_in_node > 2.5) && (no_of_nodes_in <= 3.5) && (block_of_affere > 1.5) => 2', 'Rule Length': 3}",,
8,"({'Rule': '(changes_in_stru > 1.5) && (no_of_nodes_in <= 1.5) && (special_forms <= 1.5) && (block_of_affere <= 1.5) => 2', 'Rule Length': 4}, {'Rule': '(dislocation_of > 1.5) && (special_forms <= 2.5) && (block_of_affere <= 1.5) => 2', 'Rule Length': 3})","{'Rule': '(changes_in_stru > 1.5) && (no_of_nodes_in <= 1.5) && (special_forms <= 1.5) && (block_of_affere <= 1.5) => 2', 'Rule Length': 4}","{'Rule': '(dislocation_of > 1.5) && (special_forms <= 2.5) && (block_of_affere <= 1.5) => 2', 'Rule Length': 3}",
9,"({'Rule': '(dislocation_of <= 1.5) && (changes_in_stru > 3.5) && (changes_in_node <= 3.5) && (special_forms > 1.5) && (block_of_affere <= 1.5) => 2', 'Rule Length': 5}, {'Rule': '(dislocation_of <= 1.5) && (changes_in_stru > 3.5) && (changes_in_node <= 3.5) && (no_of_nodes_in > 1.5) && (special_forms > 1.5) && (block_of_affere <= 1.5) => 2', 'Rule Length': 6})","{'Rule': '(dislocation_of <= 1.5) && (changes_in_stru > 3.5) && (changes_in_node <= 3.5) && (special_forms > 1.5) && (block_of_affere <= 1.5) => 2', 'Rule Length': 5}","{'Rule': '(dislocation_of <= 1.5) && (changes_in_stru > 3.5) && (changes_in_node <= 3.5) && (no_of_nodes_in > 1.5) && (special_forms > 1.5) && (block_of_affere <= 1.5) => 2', 'Rule Length': 6}",
10,"({'Rule': '(changes_in_node > 2.5) && (no_of_nodes_in <= 3.5) && (block_of_affere > 1.5) => 2', 'Rule Length': 3},)","{'Rule': '(changes_in_node > 2.5) && (no_of_nodes_in <= 3.5) && (block_of_affere > 1.5) => 2', 'Rule Length': 3}",,
11,"({'Rule': '(changes_in_node <= 2.5) && (no_of_nodes_in <= 3.5) && (block_of_affere > 1.5) => 2', 'Rule Length': 3},)","{'Rule': '(changes_in_node <= 2.5) && (no_of_nodes_in <= 3.5) && (block_of_affere > 1.5) => 2', 'Rule Length': 3}",,
14,"({'Rule': '(changes_in_node > 2.5) && (no_of_nodes_in <= 3.5) && (block_of_affere > 1.5) => 2', 'Rule Length': 3}, {'Rule': '(changes_in_node > 2.5) && (no_of_nodes_in > 2.5) && (block_of_affere > 1.5) => 2', 'Rule Length': 3})","{'Rule': '(changes_in_node > 2.5) && (no_of_nodes_in <= 3.5) && (block_of_affere > 1.5) => 2', 'Rule Length': 3}","{'Rule': '(changes_in_node > 2.5) && (no_of_nodes_in > 2.5) && (block_of_affere > 1.5) => 2', 'Rule Length': 3}",
15,"({'Rule': '(changes_in_node > 2.5) && (no_of_nodes_in <= 3.5) && (block_of_affere > 1.5) => 2', 'Rule Length': 3},)","{'Rule': '(changes_in_node > 2.5) && (no_of_nodes_in <= 3.5) && (block_of_affere > 1.5) => 2', 'Rule Length': 3}",,
16,"({'Rule': '(changes_in_node > 2.5) && (no_of_nodes_in <= 3.5) && (block_of_affere > 1.5) => 2', 'Rule Length': 3},)","{'Rule': '(changes_in_node > 2.5) && (no_of_nodes_in <= 3.5) && (block_of_affere > 1.5) => 2', 'Rule Length': 3}",,
17,"({'Rule': '(changes_in_node > 2.5) && (no_of_nodes_in <= 3.5) && (block_of_affere > 1.5) => 2', 'Rule Length': 3},)","{'Rule': '(changes_in_node > 2.5) && (no_of_nodes_in <= 3.5) && (block_of_affere > 1.5) => 2', 'Rule Length': 3}",,
18,"({'Rule': '(changes_in_node <= 2.5) && (no_of_nodes_in <= 3.5) && (block_of_affere > 1.5) => 2', 'Rule Length': 3},)","{'Rule': '(changes_in_node <= 2.5) && (no_of_nodes_in <= 3.5) && (block_of_affere > 1.5) => 2', 'Rule Length': 3}",,
20,"({'Rule': '(changes_in_node <= 2.5) && (no_of_nodes_in > 1.5) && (block_of_affere > 1.5) => 4', 'Rule Length': 3}, {'Rule': '(changes_in_stru > 4.5) && (changes_in_node <= 3.5) && (no_of_nodes_in > 3.5) && (special_forms <= 2.5) && (block_of_affere > 1.5) => 4', 'Rule Length': 5})","{'Rule': '(changes_in_node <= 2.5) && (no_of_nodes_in > 1.5) && (block_of_affere > 1.5) => 4', 'Rule Length': 3}","{'Rule': '(changes_in_stru > 4.5) && (changes_in_node <= 3.5) && (no_of_nodes_in > 3.5) && (special_forms <= 2.5) && (block_of_affere > 1.5) => 4', 'Rule Length': 5}",
21,"({'Rule': '(changes_in_node > 2.5) && (no_of_nodes_in <= 3.5) && (block_of_affere > 1.5) => 2', 'Rule Length': 3},)","{'Rule': '(changes_in_node > 2.5) && (no_of_nodes_in <= 3.5) && (block_of_affere > 1.5) => 2', 'Rule Length': 3}",,
22,"({'Rule': '(changes_in_node > 2.5) && (no_of_nodes_in <= 3.5) && (block_of_affere > 1.5) => 2', 'Rule Length': 3}, {'Rule': '(changes_in_node > 2.5) && (no_of_nodes_in > 2.5) && (block_of_affere > 1.5) => 2', 'Rule Length': 3})","{'Rule': '(changes_in_node > 2.5) && (no_of_nodes_in <= 3.5) && (block_of_affere > 1.5) => 2', 'Rule Length': 3}","{'Rule': '(changes_in_node > 2.5) && (no_of_nodes_in > 2.5) && (block_of_affere > 1.5) => 2', 'Rule Length': 3}",
23,"({'Rule': '(changes_in_node > 2.5) && (no_of_nodes_in <= 3.5) && (block_of_affere > 1.5) => 2', 'Rule Length': 3}, {'Rule': '(changes_in_node > 2.5) && (no_of_nodes_in > 2.5) && (block_of_affere > 1.5) => 2', 'Rule Length': 3})","{'Rule': '(changes_in_node > 2.5) && (no_of_nodes_in <= 3.5) && (block_of_affere > 1.5) => 2', 'Rule Length': 3}","{'Rule': '(changes_in_node > 2.5) && (no_of_nodes_in > 2.5) && (block_of_affere > 1.5) => 2', 'Rule Length': 3}",
24,"({'Rule': '(changes_in_node > 2.5) && (no_of_nodes_in <= 3.5) && (block_of_affere > 1.5) => 2', 'Rule Length': 3},)","{'Rule': '(changes_in_node > 2.5) && (no_of_nodes_in <= 3.5) && (block_of_affere > 1.5) => 2', 'Rule Length': 3}",,
25,"({'Rule': '(changes_in_node > 2.5) && (no_of_nodes_in <= 3.5) && (block_of_affere > 1.5) => 2', 'Rule Length': 3},)","{'Rule': '(changes_in_node > 2.5) && (no_of_nodes_in <= 3.5) && (block_of_affere > 1.5) => 2', 'Rule Length': 3}",,
26,"({'Rule': '(changes_in_stru > 1.5) && (no_of_nodes_in <= 1.5) && (special_forms <= 1.5) && (block_of_affere <= 1.5) => 2', 'Rule Length': 4}, {'Rule': '(dislocation_of > 1.5) && (special_forms <= 2.5) && (block_of_affere <= 1.5) => 2', 'Rule Length': 3})","{'Rule': '(changes_in_stru > 1.5) && (no_of_nodes_in <= 1.5) && (special_forms <= 1.5) && (block_of_affere <= 1.5) => 2', 'Rule Length': 4}","{'Rule': '(dislocation_of > 1.5) && (special_forms <= 2.5) && (block_of_affere <= 1.5) => 2', 'Rule Length': 3}",
27,"({'Rule': '(changes_in_node > 2.5) && (no_of_nodes_in <= 3.5) && (block_of_affere > 1.5) => 2', 'Rule Length': 3},)","{'Rule': '(changes_in_node > 2.5) && (no_of_nodes_in <= 3.5) && (block_of_affere > 1.5) => 2', 'Rule Length': 3}",,
28,"({'Rule': '(changes_in_node > 2.5) && (no_of_nodes_in <= 3.5) && (block_of_affere > 1.5) => 2', 'Rule Length': 3},)","{'Rule': '(changes_in_node > 2.5) && (no_of_nodes_in <= 3.5) && (block_of_affere > 1.5) => 2', 'Rule Length': 3}",,
31,"({'Rule': '(changes_in_node <= 2.5) && (no_of_nodes_in <= 3.5) && (block_of_affere > 1.5) => 2', 'Rule Length': 3},)","{'Rule': '(changes_in_node <= 2.5) && (no_of_nodes_in <= 3.5) && (block_of_affere > 1.5) => 2', 'Rule Length': 3}",,
36,"({'Rule': '(changes_in_node > 2.5) && (no_of_nodes_in <= 3.5) && (block_of_affere > 1.5) => 2', 'Rule Length': 3},)","{'Rule': '(changes_in_node > 2.5) && (no_of_nodes_in <= 3.5) && (block_of_affere > 1.5) => 2', 'Rule Length': 3}",,
41,"({'Rule': '(changes_in_stru > 1.5) && (no_of_nodes_in <= 1.5) && (special_forms <= 1.5) && (block_of_affere <= 1.5) => 2', 'Rule Length': 4}, {'Rule': '(dislocation_of > 1.5) && (special_forms <= 2.5) && (block_of_affere <= 1.5) => 2', 'Rule Length': 3})","{'Rule': '(changes_in_stru > 1.5) && (no_of_nodes_in <= 1.5) && (special_forms <= 1.5) && (block_of_affere <= 1.5) => 2', 'Rule Length': 4}","{'Rule': '(dislocation_of > 1.5) && (special_forms <= 2.5) && (block_of_affere <= 1.5) => 2', 'Rule Length': 3}",
42,"({'Rule': '(changes_in_stru > 1.5) && (no_of_nodes_in <= 1.5) && (special_forms <= 1.5) && (block_of_affere <= 1.5) => 2', 'Rule Length': 4}, {'Rule': '(dislocation_of > 1.5) && (special_forms <= 2.5) && (block_of_affere <= 1.5) => 2', 'Rule Length': 3})","{'Rule': '(changes_in_stru > 1.5) && (no_of_nodes_in <= 1.5) && (special_forms <= 1.5) && (block_of_affere <= 1.5) => 2', 'Rule Length': 4}","{'Rule': '(dislocation_of > 1.5) && (special_forms <= 2.5) && (block_of_affere <= 1.5) => 2', 'Rule Length': 3}",
43,"({'Rule': '(changes_in_node > 2.5) && (no_of_nodes_in <= 3.5) && (block_of_affere > 1.5) => 2', 'Rule Length': 3},)","{'Rule': '(changes_in_node > 2.5) && (no_of_nodes_in <= 3.5) && (block_of_affere > 1.5) => 2', 'Rule Length': 3}",,
44,"({'Rule': '(changes_in_node > 2.5) && (no_of_nodes_in <= 3.5) && (block_of_affere > 1.5) => 2', 'Rule Length': 3},)","{'Rule': '(changes_in_node > 2.5) && (no_of_nodes_in <= 3.5) && (block_of_affere > 1.5) => 2', 'Rule Length': 3}",,
45,"({'Rule': '(changes_in_node > 2.5) && (no_of_nodes_in <= 3.5) && (block_of_affere > 1.5) => 2', 'Rule Length': 3},)","{'Rule': '(changes_in_node > 2.5) && (no_of_nodes_in <= 3.5) && (block_of_affere > 1.5) => 2', 'Rule Length': 3}",,
46,"({'Rule': '(dislocation_of <= 1.5) && (changes_in_stru <= 6.5) && (changes_in_node <= 2.5) && (special_forms > 1.5) && (block_of_affere <= 1.5) => 4', 'Rule Length': 5}, {'Rule': '(dislocation_of <= 1.5) && (changes_in_node <= 2.5) && (special_forms > 1.5) && (block_of_affere <= 1.5) => 4', 'Rule Length': 4}, {'Rule': '(dislocation_of <= 1.5) && (changes_in_node <= 3.5) && (special_forms > 1.5) && (block_of_affere <= 1.5) => 4', 'Rule Length': 4})","{'Rule': '(dislocation_of <= 1.5) && (changes_in_stru <= 6.5) && (changes_in_node <= 2.5) && (special_forms > 1.5) && (block_of_affere <= 1.5) => 4', 'Rule Length': 5}","{'Rule': '(dislocation_of <= 1.5) && (changes_in_node <= 2.5) && (special_forms > 1.5) && (block_of_affere <= 1.5) => 4', 'Rule Length': 4}","{'Rule': '(dislocation_of <= 1.5) && (changes_in_node <= 3.5) && (special_forms > 1.5) && (block_of_affere <= 1.5) => 4', 'Rule Length': 4}"
53,"({'Rule': '(changes_in_node > 2.5) && (no_of_nodes_in <= 3.5) && (block_of_affere > 1.5) => 2', 'Rule Length': 3},)","{'Rule': '(changes_in_node > 2.5) && (no_of_nodes_in <= 3.5) && (block_of_affere > 1.5) => 2', 'Rule Length': 3}",,
54,"({'Rule': '(changes_in_node <= 2.5) && (no_of_nodes_in > 1.5) && (block_of_affere > 1.5) => 4', 'Rule Length': 3}, {'Rule': '(changes_in_stru <= 4.5) && (changes_in_node <= 2.5) && (no_of_nodes_in > 3.5) && (special_forms > 1.5) && (block_of_affere > 1.5) => 4', 'Rule Length': 5})","{'Rule': '(changes_in_node <= 2.5) && (no_of_nodes_in > 1.5) && (block_of_affere > 1.5) => 4', 'Rule Length': 3}","{'Rule': '(changes_in_stru <= 4.5) && (changes_in_node <= 2.5) && (no_of_nodes_in > 3.5) && (special_forms > 1.5) && (block_of_affere > 1.5) => 4', 'Rule Length': 5}",
55,"({'Rule': '(changes_in_node > 2.5) && (no_of_nodes_in <= 3.5) && (block_of_affere > 1.5) => 2', 'Rule Length': 3},)","{'Rule': '(changes_in_node > 2.5) && (no_of_nodes_in <= 3.5) && (block_of_affere > 1.5) => 2', 'Rule Length': 3}",,
56,"({'Rule': '(changes_in_node > 2.5) && (no_of_nodes_in <= 3.5) && (block_of_affere > 1.5) => 2', 'Rule Length': 3},)","{'Rule': '(changes_in_node > 2.5) && (no_of_nodes_in <= 3.5) && (block_of_affere > 1.5) => 2', 'Rule Length': 3}",,
57,"({'Rule': '(changes_in_node > 2.5) && (no_of_nodes_in <= 3.5) && (block_of_affere > 1.5) => 2', 'Rule Length': 3},)","{'Rule': '(changes_in_node > 2.5) && (no_of_nodes_in <= 3.5) && (block_of_affere > 1.5) => 2', 'Rule Length': 3}",,
58,"({'Rule': '(changes_in_stru > 1.5) && (no_of_nodes_in <= 1.5) && (special_forms <= 1.5) && (block_of_affere <= 1.5) => 2', 'Rule Length': 4}, {'Rule': '(dislocation_of > 1.5) && (special_forms <= 2.5) && (block_of_affere <= 1.5) => 2', 'Rule Length': 3})","{'Rule': '(changes_in_stru > 1.5) && (no_of_nodes_in <= 1.5) && (special_forms <= 1.5) && (block_of_affere <= 1.5) => 2', 'Rule Length': 4}","{'Rule': '(dislocation_of > 1.5) && (special_forms <= 2.5) && (block_of_affere <= 1.5) => 2', 'Rule Length': 3}",
60,"({'Rule': '(dislocation_of <= 1.5) && (changes_in_stru > 3.5) && (changes_in_node <= 3.5) && (special_forms > 1.5) && (block_of_affere <= 1.5) => 2', 'Rule Length': 5}, {'Rule': '(dislocation_of <= 1.5) && (changes_in_stru > 3.5) && (changes_in_node <= 3.5) && (no_of_nodes_in <= 3.0) && (special_forms > 1.5) && (block_of_affere <= 1.5) => 2', 'Rule Length': 6})","{'Rule': '(dislocation_of <= 1.5) && (changes_in_stru > 3.5) && (changes_in_node <= 3.5) && (special_forms > 1.5) && (block_of_affere <= 1.5) => 2', 'Rule Length': 5}","{'Rule': '(dislocation_of <= 1.5) && (changes_in_stru > 3.5) && (changes_in_node <= 3.5) && (no_of_nodes_in <= 3.0) && (special_forms > 1.5) && (block_of_affere <= 1.5) => 2', 'Rule Length': 6}",
61,"({'Rule': '(changes_in_node > 2.5) && (no_of_nodes_in <= 3.5) && (block_of_affere > 1.5) => 2', 'Rule Length': 3},)","{'Rule': '(changes_in_node > 2.5) && (no_of_nodes_in <= 3.5) && (block_of_affere > 1.5) => 2', 'Rule Length': 3}",,
62,"({'Rule': '(changes_in_node > 2.5) && (no_of_nodes_in <= 3.5) && (block_of_affere > 1.5) => 2', 'Rule Length': 3},)","{'Rule': '(changes_in_node > 2.5) && (no_of_nodes_in <= 3.5) && (block_of_affere > 1.5) => 2', 'Rule Length': 3}",,
63,"({'Rule': '(changes_in_node > 2.5) && (no_of_nodes_in <= 3.5) && (block_of_affere > 1.5) => 2', 'Rule Length': 3},)","{'Rule': '(changes_in_node > 2.5) && (no_of_nodes_in <= 3.5) && (block_of_affere > 1.5) => 2', 'Rule Length': 3}",,
66,"({'Rule': '(changes_in_node > 2.5) && (no_of_nodes_in > 2.5) && (block_of_affere > 1.5) => 2', 'Rule Length': 3}, {'Rule': '(changes_in_node > 2.5) && (no_of_nodes_in > 2.5) && (special_forms > 2.5) && (block_of_affere > 1.5) => 2', 'Rule Length': 4}, {'Rule': '(changes_in_stru <= 4.5) && (changes_in_node <= 3.5) && (no_of_nodes_in > 3.5) && (special_forms > 1.5) && (block_of_affere > 1.5) => 2', 'Rule Length': 5})","{'Rule': '(changes_in_node > 2.5) && (no_of_nodes_in > 2.5) && (block_of_affere > 1.5) => 2', 'Rule Length': 3}","{'Rule': '(changes_in_node > 2.5) && (no_of_nodes_in > 2.5) && (special_forms > 2.5) && (block_of_affere > 1.5) => 2', 'Rule Length': 4}","{'Rule': '(changes_in_stru <= 4.5) && (changes_in_node <= 3.5) && (no_of_nodes_in > 3.5) && (special_forms > 1.5) && (block_of_affere > 1.5) => 2', 'Rule Length': 5}"
69,"({'Rule': '(changes_in_node > 2.5) && (no_of_nodes_in <= 3.5) && (block_of_affere > 1.5) => 2', 'Rule Length': 3},)","{'Rule': '(changes_in_node > 2.5) && (no_of_nodes_in <= 3.5) && (block_of_affere > 1.5) => 2', 'Rule Length': 3}",,
71,"({'Rule': '(changes_in_node > 2.5) && (no_of_nodes_in <= 3.5) && (block_of_affere > 1.5) => 2', 'Rule Length': 3},)","{'Rule': '(changes_in_node > 2.5) && (no_of_nodes_in <= 3.5) && (block_of_affere > 1.5) => 2', 'Rule Length': 3}",,
72,"({'Rule': '(changes_in_node > 2.5) && (no_of_nodes_in <= 3.5) && (block_of_affere > 1.5) => 2', 'Rule Length': 3},)","{'Rule': '(changes_in_node > 2.5) && (no_of_nodes_in <= 3.5) && (block_of_affere > 1.5) => 2', 'Rule Length': 3}",,
73,"({'Rule': '(changes_in_node > 2.5) && (no_of_nodes_in <= 3.5) && (block_of_affere > 1.5) => 2', 'Rule Length': 3},)","{'Rule': '(changes_in_node > 2.5) && (no_of_nodes_in <= 3.5) && (block_of_affere > 1.5) => 2', 'Rule Length': 3}",,
76,"({'Rule': '(changes_in_node > 2.5) && (no_of_nodes_in <= 3.5) && (block_of_affere > 1.5) => 2', 'Rule Length': 3}, {'Rule': '(changes_in_node > 2.5) && (no_of_nodes_in > 2.5) && (block_of_affere > 1.5) => 2', 'Rule Length': 3})","{'Rule': '(changes_in_node > 2.5) && (no_of_nodes_in <= 3.5) && (block_of_affere > 1.5) => 2', 'Rule Length': 3}","{'Rule': '(changes_in_node > 2.5) && (no_of_nodes_in > 2.5) && (block_of_affere > 1.5) => 2', 'Rule Length': 3}",
79,"({'Rule': '(changes_in_node > 2.5) && (no_of_nodes_in <= 3.5) && (block_of_affere > 1.5) => 2', 'Rule Length': 3},)","{'Rule': '(changes_in_node > 2.5) && (no_of_nodes_in <= 3.5) && (block_of_affere > 1.5) => 2', 'Rule Length': 3}",,
81,"({'Rule': '(changes_in_node > 2.5) && (no_of_nodes_in <= 3.5) && (block_of_affere > 1.5) => 2', 'Rule Length': 3}, {'Rule': '(changes_in_node > 2.5) && (no_of_nodes_in > 2.5) && (block_of_affere > 1.5) => 2', 'Rule Length': 3}, {'Rule': '(changes_in_node > 2.5) && (no_of_nodes_in > 2.5) && (special_forms > 2.5) && (block_of_affere > 1.5) => 2', 'Rule Length': 4})","{'Rule': '(changes_in_node > 2.5) && (no_of_nodes_in <= 3.5) && (block_of_affere > 1.5) => 2', 'Rule Length': 3}","{'Rule': '(changes_in_node > 2.5) && (no_of_nodes_in > 2.5) && (block_of_affere > 1.5) => 2', 'Rule Length': 3}","{'Rule': '(changes_in_node > 2.5) && (no_of_nodes_in > 2.5) && (special_forms > 2.5) && (block_of_affere > 1.5) => 2', 'Rule Length': 4}"
83,"({'Rule': '(no_of_nodes_in <= 1.5) && (special_forms <= 1.5) && (block_of_affere <= 1.5) => 3', 'Rule Length': 3},)","{'Rule': '(no_of_nodes_in <= 1.5) && (special_forms <= 1.5) && (block_of_affere <= 1.5) => 3', 'Rule Length': 3}",,
84,"({'Rule': '(changes_in_node > 2.5) && (no_of_nodes_in <= 3.5) && (block_of_affere > 1.5) => 2', 'Rule Length': 3}, {'Rule': '(changes_in_node > 2.5) && (no_of_nodes_in > 2.5) && (block_of_affere > 1.5) => 2', 'Rule Length': 3})","{'Rule': '(changes_in_node > 2.5) && (no_of_nodes_in <= 3.5) && (block_of_affere > 1.5) => 2', 'Rule Length': 3}","{'Rule': '(changes_in_node > 2.5) && (no_of_nodes_in > 2.5) && (block_of_affere > 1.5) => 2', 'Rule Length': 3}",
85,"({'Rule': '(changes_in_node > 2.5) && (no_of_nodes_in <= 3.5) && (block_of_affere > 1.5) => 2', 'Rule Length': 3}, {'Rule': '(changes_in_node > 2.5) && (no_of_nodes_in > 2.5) && (block_of_affere > 1.5) => 2', 'Rule Length': 3})","{'Rule': '(changes_in_node > 2.5) && (no_of_nodes_in <= 3.5) && (block_of_affere > 1.5) => 2', 'Rule Length': 3}","{'Rule': '(changes_in_node > 2.5) && (no_of_nodes_in > 2.5) && (block_of_affere > 1.5) => 2', 'Rule Length': 3}",
86,"({'Rule': '(changes_in_node > 2.5) && (no_of_nodes_in <= 3.5) && (block_of_affere > 1.5) => 2', 'Rule Length': 3},)","{'Rule': '(changes_in_node > 2.5) && (no_of_nodes_in <= 3.5) && (block_of_affere > 1.5) => 2', 'Rule Length': 3}",,
87,"({'Rule': '(dislocation_of <= 1.5) && (changes_in_stru > 3.5) && (changes_in_node <= 3.5) && (special_forms > 1.5) && (block_of_affere <= 1.5) => 2', 'Rule Length': 5}, {'Rule': '(dislocation_of <= 1.5) && (changes_in_stru > 3.5) && (changes_in_node <= 3.5) && (no_of_nodes_in <= 3.0) && (special_forms > 1.5) && (block_of_affere <= 1.5) => 2', 'Rule Length': 6})","{'Rule': '(dislocation_of <= 1.5) && (changes_in_stru > 3.5) && (changes_in_node <= 3.5) && (special_forms > 1.5) && (block_of_affere <= 1.5) => 2', 'Rule Length': 5}","{'Rule': '(dislocation_of <= 1.5) && (changes_in_stru > 3.5) && (changes_in_node <= 3.5) && (no_of_nodes_in <= 3.0) && (special_forms > 1.5) && (block_of_affere <= 1.5) => 2', 'Rule Length': 6}",
91,"({'Rule': '(changes_in_node > 2.5) && (no_of_nodes_in <= 3.5) && (block_of_affere > 1.5) => 2', 'Rule Length': 3},)","{'Rule': '(changes_in_node > 2.5) && (no_of_nodes_in <= 3.5) && (block_of_affere > 1.5) => 2', 'Rule Length': 3}",,
95,"({'Rule': '(changes_in_node <= 2.5) && (no_of_nodes_in <= 3.5) && (block_of_affere > 1.5) => 2', 'Rule Length': 3},)","{'Rule': '(changes_in_node <= 2.5) && (no_of_nodes_in <= 3.5) && (block_of_affere > 1.5) => 2', 'Rule Length': 3}",,
96,"({'Rule': '(changes_in_node > 2.5) && (no_of_nodes_in <= 3.5) && (block_of_affere > 1.5) => 2', 'Rule Length': 3},)","{'Rule': '(changes_in_node > 2.5) && (no_of_nodes_in <= 3.5) && (block_of_affere > 1.5) => 2', 'Rule Length': 3}",,
97,"({'Rule': '(changes_in_node > 2.5) && (no_of_nodes_in <= 3.5) && (block_of_affere > 1.5) => 2', 'Rule Length': 3},)","{'Rule': '(changes_in_node > 2.5) && (no_of_nodes_in <= 3.5) && (block_of_affere > 1.5) => 2', 'Rule Length': 3}",,
99,"({'Rule': '(dislocation_of <= 1.5) && (changes_in_stru > 1.5) && (no_of_nodes_in <= 1.5) && (special_forms <= 1.5) && (block_of_affere <= 1.5) => 2', 'Rule Length': 5}, {'Rule': '(changes_in_stru > 1.5) && (no_of_nodes_in <= 1.5) && (special_forms <= 1.5) && (block_of_affere <= 1.5) => 2', 'Rule Length': 4})","{'Rule': '(dislocation_of <= 1.5) && (changes_in_stru > 1.5) && (no_of_nodes_in <= 1.5) && (special_forms <= 1.5) && (block_of_affere <= 1.5) => 2', 'Rule Length': 5}","{'Rule': '(changes_in_stru > 1.5) && (no_of_nodes_in <= 1.5) && (special_forms <= 1.5) && (block_of_affere <= 1.5) => 2', 'Rule Length': 4}",
100,"({'Rule': '(dislocation_of <= 1.5) && (changes_in_stru > 1.5) && (no_of_nodes_in <= 1.5) && (special_forms <= 1.5) && (block_of_affere <= 1.5) => 2', 'Rule Length': 5}, {'Rule': '(changes_in_stru > 1.5) && (no_of_nodes_in <= 1.5) && (special_forms <= 1.5) && (block_of_affere <= 1.5) => 2', 'Rule Length': 4})","{'Rule': '(dislocation_of <= 1.5) && (changes_in_stru > 1.5) && (no_of_nodes_in <= 1.5) && (special_forms <= 1.5) && (block_of_affere <= 1.5) => 2', 'Rule Length': 5}","{'Rule': '(changes_in_stru > 1.5) && (no_of_nodes_in <= 1.5) && (special_forms <= 1.5) && (block_of_affere <= 1.5) => 2', 'Rule Length': 4}",
102,"({'Rule': '(changes_in_node > 2.5) && (no_of_nodes_in <= 3.5) && (block_of_affere > 1.5) => 2', 'Rule Length': 3},)","{'Rule': '(changes_in_node > 2.5) && (no_of_nodes_in <= 3.5) && (block_of_affere > 1.5) => 2', 'Rule Length': 3}",,
103,"({'Rule': '(changes_in_node > 2.5) && (no_of_nodes_in <= 3.5) && (block_of_affere > 1.5) => 2', 'Rule Length': 3},)","{'Rule': '(changes_in_node > 2.5) && (no_of_nodes_in <= 3.5) && (block_of_affere > 1.5) => 2', 'Rule Length': 3}",,
104,"({'Rule': '(changes_in_node > 2.5) && (no_of_nodes_in <= 3.5) && (block_of_affere > 1.5) => 2', 'Rule Length': 3}, {'Rule': '(changes_in_node > 3.5) && (block_of_affere > 1.5) => 2', 'Rule Length': 2})","{'Rule': '(changes_in_node > 2.5) && (no_of_nodes_in <= 3.5) && (block_of_affere > 1.5) => 2', 'Rule Length': 3}","{'Rule': '(changes_in_node > 3.5) && (block_of_affere > 1.5) => 2', 'Rule Length': 2}",
105,"({'Rule': '(changes_in_stru > 1.5) && (no_of_nodes_in <= 1.5) && (special_forms <= 1.5) && (block_of_affere <= 1.5) => 2', 'Rule Length': 4}, {'Rule': '(dislocation_of > 1.5) && (special_forms <= 2.5) && (block_of_affere <= 1.5) => 2', 'Rule Length': 3})","{'Rule': '(changes_in_stru > 1.5) && (no_of_nodes_in <= 1.5) && (special_forms <= 1.5) && (block_of_affere <= 1.5) => 2', 'Rule Length': 4}","{'Rule': '(dislocation_of > 1.5) && (special_forms <= 2.5) && (block_of_affere <= 1.5) => 2', 'Rule Length': 3}",
109,"({'Rule': '(changes_in_node > 2.5) && (no_of_nodes_in <= 3.5) && (block_of_affere > 1.5) => 2', 'Rule Length': 3},)","{'Rule': '(changes_in_node > 2.5) && (no_of_nodes_in <= 3.5) && (block_of_affere > 1.5) => 2', 'Rule Length': 3}",,
110,"({'Rule': '(changes_in_node <= 2.5) && (no_of_nodes_in <= 3.5) && (block_of_affere > 1.5) => 2', 'Rule Length': 3}, {'Rule': '(changes_in_node <= 2.5) && (no_of_nodes_in > 1.5) && (block_of_affere > 1.5) => 2', 'Rule Length': 3})","{'Rule': '(changes_in_node <= 2.5) && (no_of_nodes_in <= 3.5) && (block_of_affere > 1.5) => 2', 'Rule Length': 3}","{'Rule': '(changes_in_node <= 2.5) && (no_of_nodes_in > 1.5) && (block_of_affere > 1.5) => 2', 'Rule Length': 3}",
111,"({'Rule': '(changes_in_node > 2.5) && (no_of_nodes_in <= 3.5) && (block_of_affere > 1.5) => 2', 'Rule Length': 3},)","{'Rule': '(changes_in_node > 2.5) && (no_of_nodes_in <= 3.5) && (block_of_affere > 1.5) => 2', 'Rule Length': 3}",,
112,"({'Rule': '(changes_in_node > 2.5) && (no_of_nodes_in <= 3.5) && (block_of_affere > 1.5) => 2', 'Rule Length': 3},)","{'Rule': '(changes_in_node > 2.5) && (no_of_nodes_in <= 3.5) && (block_of_affere > 1.5) => 2', 'Rule Length': 3}",,
113,"({'Rule': '(changes_in_node > 2.5) && (no_of_nodes_in <= 3.5) && (block_of_affere > 1.5) => 2', 'Rule Length': 3},)","{'Rule': '(changes_in_node > 2.5) && (no_of_nodes_in <= 3.5) && (block_of_affere > 1.5) => 2', 'Rule Length': 3}",,
114,"({'Rule': '(changes_in_stru <= 4.5) && (no_of_nodes_in > 1.5) && (special_forms <= 1.5) && (block_of_affere <= 1.5) => 2', 'Rule Length': 4}, {'Rule': '(dislocation_of > 1.5) && (special_forms <= 2.5) && (block_of_affere <= 1.5) => 2', 'Rule Length': 3})","{'Rule': '(changes_in_stru <= 4.5) && (no_of_nodes_in > 1.5) && (special_forms <= 1.5) && (block_of_affere <= 1.5) => 2', 'Rule Length': 4}","{'Rule': '(dislocation_of > 1.5) && (special_forms <= 2.5) && (block_of_affere <= 1.5) => 2', 'Rule Length': 3}",
115,"({'Rule': '(changes_in_node > 2.5) && (no_of_nodes_in <= 3.5) && (block_of_affere > 1.5) => 2', 'Rule Length': 3}, {'Rule': '(changes_in_node > 2.5) && (no_of_nodes_in > 2.5) && (block_of_affere > 1.5) => 2', 'Rule Length': 3})","{'Rule': '(changes_in_node > 2.5) && (no_of_nodes_in <= 3.5) && (block_of_affere > 1.5) => 2', 'Rule Length': 3}","{'Rule': '(changes_in_node > 2.5) && (no_of_nodes_in > 2.5) && (block_of_affere > 1.5) => 2', 'Rule Length': 3}",
116,"({'Rule': '(dislocation_of > 1.5) && (special_forms <= 2.5) && (block_of_affere <= 1.5) => 2', 'Rule Length': 3},)","{'Rule': '(dislocation_of > 1.5) && (special_forms <= 2.5) && (block_of_affere <= 1.5) => 2', 'Rule Length': 3}",,
118,"({'Rule': '(changes_in_node > 2.5) && (no_of_nodes_in <= 3.5) && (block_of_affere > 1.5) => 2', 'Rule Length': 3},)","{'Rule': '(changes_in_node > 2.5) && (no_of_nodes_in <= 3.5) && (block_of_affere > 1.5) => 2', 'Rule Length': 3}",,
119,"({'Rule': '(changes_in_node <= 2.5) && (no_of_nodes_in <= 3.5) && (block_of_affere > 1.5) => 2', 'Rule Length': 3},)","{'Rule': '(changes_in_node <= 2.5) && (no_of_nodes_in <= 3.5) && (block_of_affere > 1.5) => 2', 'Rule Length': 3}",,
120,"({'Rule': '(changes_in_node > 2.5) && (no_of_nodes_in <= 3.5) && (block_of_affere > 1.5) => 2', 'Rule Length': 3},)","{'Rule': '(changes_in_node > 2.5) && (no_of_nodes_in <= 3.5) && (block_of_affere > 1.5) => 2', 'Rule Length': 3}",,
121,"({'Rule': '(dislocation_of <= 1.5) && (changes_in_stru > 3.5) && (changes_in_node <= 3.5) && (special_forms > 1.5) && (block_of_affere <= 1.5) => 2', 'Rule Length': 5}, {'Rule': '(dislocation_of <= 1.5) && (changes_in_stru > 3.5) && (changes_in_node <= 3.5) && (no_of_nodes_in <= 3.0) && (special_forms > 1.5) && (block_of_affere <= 1.5) => 2', 'Rule Length': 6})","{'Rule': '(dislocation_of <= 1.5) && (changes_in_stru > 3.5) && (changes_in_node <= 3.5) && (special_forms > 1.5) && (block_of_affere <= 1.5) => 2', 'Rule Length': 5}","{'Rule': '(dislocation_of <= 1.5) && (changes_in_stru > 3.5) && (changes_in_node <= 3.5) && (no_of_nodes_in <= 3.0) && (special_forms > 1.5) && (block_of_affere <= 1.5) => 2', 'Rule Length': 6}",
129,"({'Rule': '(dislocation_of > 1.5) && (special_forms <= 2.5) && (block_of_affere <= 1.5) => 2', 'Rule Length': 3},)","{'Rule': '(dislocation_of > 1.5) && (special_forms <= 2.5) && (block_of_affere <= 1.5) => 2', 'Rule Length': 3}",,
130,"({'Rule': '(dislocation_of <= 1.5) && (changes_in_stru > 3.5) && (changes_in_node <= 3.5) && (special_forms > 1.5) && (block_of_affere <= 1.5) => 2', 'Rule Length': 5}, {'Rule': '(dislocation_of <= 1.5) && (changes_in_stru > 3.5) && (changes_in_node <= 3.5) && (no_of_nodes_in <= 3.0) && (special_forms > 1.5) && (block_of_affere <= 1.5) => 2', 'Rule Length': 6})","{'Rule': '(dislocation_of <= 1.5) && (changes_in_stru > 3.5) && (changes_in_node <= 3.5) && (special_forms > 1.5) && (block_of_affere <= 1.5) => 2', 'Rule Length': 5}","{'Rule': '(dislocation_of <= 1.5) && (changes_in_stru > 3.5) && (changes_in_node <= 3.5) && (no_of_nodes_in <= 3.0) && (special_forms > 1.5) && (block_of_affere <= 1.5) => 2', 'Rule Length': 6}",
131,"({'Rule': '(dislocation_of <= 1.5) && (changes_in_stru > 3.5) && (changes_in_node <= 3.5) && (special_forms > 1.5) && (block_of_affere <= 1.5) => 2', 'Rule Length': 5}, {'Rule': '(dislocation_of <= 1.5) && (changes_in_stru > 3.5) && (changes_in_node <= 3.5) && (no_of_nodes_in <= 3.0) && (special_forms > 1.5) && (block_of_affere <= 1.5) => 2', 'Rule Length': 6}, {'Rule': '(dislocation_of <= 1.5) && (changes_in_stru > 3.5) && (changes_in_node <= 3.5) && (no_of_nodes_in > 1.5) && (special_forms > 1.5) && (block_of_affere <= 1.5) => 2', 'Rule Length': 6})","{'Rule': '(dislocation_of <= 1.5) && (changes_in_stru > 3.5) && (changes_in_node <= 3.5) && (special_forms > 1.5) && (block_of_affere <= 1.5) => 2', 'Rule Length': 5}","{'Rule': '(dislocation_of <= 1.5) && (changes_in_stru > 3.5) && (changes_in_node <= 3.5) && (no_of_nodes_in <= 3.0) && (special_forms > 1.5) && (block_of_affere <= 1.5) => 2', 'Rule Length': 6}","{'Rule': '(dislocation_of <= 1.5) && (changes_in_stru > 3.5) && (changes_in_node <= 3.5) && (no_of_nodes_in > 1.5) && (special_forms > 1.5) && (block_of_affere <= 1.5) => 2', 'Rule Length': 6}"
134,"({'Rule': '(changes_in_node <= 2.5) && (no_of_nodes_in > 1.5) && (block_of_affere > 1.5) => 2', 'Rule Length': 3}, {'Rule': '(changes_in_stru > 4.5) && (changes_in_node <= 3.5) && (no_of_nodes_in > 3.5) && (special_forms <= 2.5) && (block_of_affere > 1.5) => 2', 'Rule Length': 5})","{'Rule': '(changes_in_node <= 2.5) && (no_of_nodes_in > 1.5) && (block_of_affere > 1.5) => 2', 'Rule Length': 3}","{'Rule': '(changes_in_stru > 4.5) && (changes_in_node <= 3.5) && (no_of_nodes_in > 3.5) && (special_forms <= 2.5) && (block_of_affere > 1.5) => 2', 'Rule Length': 5}",
137,"({'Rule': '(changes_in_node > 2.5) && (no_of_nodes_in <= 3.5) && (block_of_affere > 1.5) => 2', 'Rule Length': 3}, {'Rule': '(changes_in_node > 3.5) && (block_of_affere > 1.5) => 2', 'Rule Length': 2})","{'Rule': '(changes_in_node > 2.5) && (no_of_nodes_in <= 3.5) && (block_of_affere > 1.5) => 2', 'Rule Length': 3}","{'Rule': '(changes_in_node > 3.5) && (block_of_affere > 1.5) => 2', 'Rule Length': 2}",
138,"({'Rule': '(changes_in_node > 2.5) && (no_of_nodes_in > 2.5) && (block_of_affere > 1.5) => 2', 'Rule Length': 3}, {'Rule': '(changes_in_node > 2.5) && (no_of_nodes_in > 2.5) && (special_forms > 2.5) && (block_of_affere > 1.5) => 2', 'Rule Length': 4}, {'Rule': '(changes_in_stru <= 4.5) && (changes_in_node <= 3.5) && (no_of_nodes_in > 3.5) && (special_forms > 1.5) && (block_of_affere > 1.5) => 2', 'Rule Length': 5})","{'Rule': '(changes_in_node > 2.5) && (no_of_nodes_in > 2.5) && (block_of_affere > 1.5) => 2', 'Rule Length': 3}","{'Rule': '(changes_in_node > 2.5) && (no_of_nodes_in > 2.5) && (special_forms > 2.5) && (block_of_affere > 1.5) => 2', 'Rule Length': 4}","{'Rule': '(changes_in_stru <= 4.5) && (changes_in_node <= 3.5) && (no_of_nodes_in > 3.5) && (special_forms > 1.5) && (block_of_affere > 1.5) => 2', 'Rule Length': 5}"
140,"({'Rule': '(changes_in_node > 2.5) && (no_of_nodes_in <= 3.5) && (block_of_affere > 1.5) => 2', 'Rule Length': 3},)","{'Rule': '(changes_in_node > 2.5) && (no_of_nodes_in <= 3.5) && (block_of_affere > 1.5) => 2', 'Rule Length': 3}",,
141,"({'Rule': '(dislocation_of <= 1.5) && (changes_in_stru <= 6.5) && (changes_in_node <= 2.5) && (special_forms > 1.5) && (block_of_affere <= 1.5) => 4', 'Rule Length': 5}, {'Rule': '(dislocation_of <= 1.5) && (changes_in_node <= 2.5) && (special_forms > 1.5) && (block_of_affere <= 1.5) => 4', 'Rule Length': 4}, {'Rule': '(dislocation_of <= 1.5) && (changes_in_node <= 3.5) && (special_forms > 1.5) && (block_of_affere <= 1.5) => 4', 'Rule Length': 4})","{'Rule': '(dislocation_of <= 1.5) && (changes_in_stru <= 6.5) && (changes_in_node <= 2.5) && (special_forms > 1.5) && (block_of_affere <= 1.5) => 4', 'Rule Length': 5}","{'Rule': '(dislocation_of <= 1.5) && (changes_in_node <= 2.5) && (special_forms > 1.5) && (block_of_affere <= 1.5) => 4', 'Rule Length': 4}","{'Rule': '(dislocation_of <= 1.5) && (changes_in_node <= 3.5) && (special_forms > 1.5) && (block_of_affere <= 1.5) => 4', 'Rule Length': 4}"
143,"({'Rule': '(changes_in_node > 2.5) && (no_of_nodes_in <= 3.5) && (block_of_affere > 1.5) => 2', 'Rule Length': 3},)","{'Rule': '(changes_in_node > 2.5) && (no_of_nodes_in <= 3.5) && (block_of_affere > 1.5) => 2', 'Rule Length': 3}",,
145,"({'Rule': '(changes_in_stru > 1.5) && (no_of_nodes_in <= 1.5) && (special_forms <= 1.5) && (block_of_affere <= 1.5) => 2', 'Rule Length': 4}, {'Rule': '(dislocation_of > 1.5) && (special_forms <= 2.5) && (block_of_affere <= 1.5) => 2', 'Rule Length': 3})","{'Rule': '(changes_in_stru > 1.5) && (no_of_nodes_in <= 1.5) && (special_forms <= 1.5) && (block_of_affere <= 1.5) => 2', 'Rule Length': 4}","{'Rule': '(dislocation_of > 1.5) && (special_forms <= 2.5) && (block_of_affere <= 1.5) => 2', 'Rule Length': 3}",
147,"({'Rule': '(changes_in_stru > 1.5) && (no_of_nodes_in <= 1.5) && (special_forms <= 1.5) && (block_of_affere <= 1.5) => 2', 'Rule Length': 4}, {'Rule': '(dislocation_of > 1.5) && (special_forms <= 2.5) && (block_of_affere <= 1.5) => 2', 'Rule Length': 3})","{'Rule': '(changes_in_stru > 1.5) && (no_of_nodes_in <= 1.5) && (special_forms <= 1.5) && (block_of_affere <= 1.5) => 2', 'Rule Length': 4}","{'Rule': '(dislocation_of > 1.5) && (special_forms <= 2.5) && (block_of_affere <= 1.5) => 2', 'Rule Length': 3}",
148,"({'Rule': '(changes_in_node > 2.5) && (no_of_nodes_in > 2.5) && (block_of_affere > 1.5) => 2', 'Rule Length': 3}, {'Rule': '(changes_in_node > 2.5) && (no_of_nodes_in > 2.5) && (special_forms > 2.5) && (block_of_affere > 1.5) => 2', 'Rule Length': 4}, {'Rule': '(changes_in_stru <= 4.5) && (changes_in_node <= 3.5) && (no_of_nodes_in > 3.5) && (special_forms > 1.5) && (block_of_affere > 1.5) => 2', 'Rule Length': 5})","{'Rule': '(changes_in_node > 2.5) && (no_of_nodes_in > 2.5) && (block_of_affere > 1.5) => 2', 'Rule Length': 3}","{'Rule': '(changes_in_node > 2.5) && (no_of_nodes_in > 2.5) && (special_forms > 2.5) && (block_of_affere > 1.5) => 2', 'Rule Length': 4}","{'Rule': '(changes_in_stru <= 4.5) && (changes_in_node <= 3.5) && (no_of_nodes_in > 3.5) && (special_forms > 1.5) && (block_of_affere > 1.5) => 2', 'Rule Length': 5}"
